MP_K,SMILES
111.49,CC1CCC1
182.2,N#[N+][O-]
137.2,O=S(=O)(F)F
367.8,CC(C)N(CCC(C(N)=O)(c1ccccc1)c1ccccn1)C(C)C
265.8,BrBr
512.75,CCn1cc(C(=O)O)c(=O)c2cc(F)c(N3CCNC(C)C3)c(F)c21
156,CN(C)C
250,ClC(Cl)(Cl)Cl
386.5,II
192.2,C#C
176,CC(Cl)Cl
423,CC(CO)(CO)[N+](=O)[O-]
201,Clc1cccs1
197,CCCOC(=O)CC
180,C=C(C)OC(C)=O
180,CCCOC=O
353,Cc1c([N+](=O)[O-])cc([N+](=O)[O-])cc1[N+](=O)[O-]
189,CCc1cccc(CC)c1
206,CC(=O)CCC=C(C)C
172,CCC(C)(C)C(C)C
147,CCCC(C)(C)CC
152,CCCCC(C)(C)C
163,C=C(C)C(C)(C)C
158,CCC(CC)C(C)C
178,CCCCSCC
206,CCc1ccc(C)c(C)c1
182,CCC(C)(CC)CC
145,CC(C)CC(C)C(C)C
170,CC(C)CCCC(C)C
189,CC1=C(C)CCCC1
178,CCCC1CCCCC1
200,ClC(Cl)=C(Cl)C(Cl)(Cl)Cl
199,CCc1cc(C)cc(CC)c1
149,C=C(C)CC(C)C
158,CCCC(C)=C(C)C
171,CC(C)C(C)(C)C(C)C
163,CCC1=CCCCC1
182,ClCC1CC1
167.1,CCC1CCCC1C
160,CC(C)C1CC1
180,CC#CCC(C)C
130,CCC1CCC1
132,CC=CCCC
208,COCCOC(C)=O
196,CCc1cccnc1
177,C1CCSC1
185,ClCBr
161,CC1CO1
127,C=CC(=C)C
174,CCC(C)OC(C)=O
207,CCCCCCC(=O)OCC
161,CCCC#N
169,CCSCC
167,CCSC
141,C#CCCCC
169,CCC#CCCCC
202,CCc1ccc(C)nc1
205,CCc1ccccc1Br
422,COc1ccc(CCN2CCC(Nc3nc4ccccc4n3Cc3ccc(F)cc3)CC2)cc1
459,O=C(O)CCC(=O)c1ccc(-c2ccccc2)cc1
178,CCc1ccccc1
150,CCCCCl
138,C1=CCCC1
185,CCCCc1ccccc1
188,COCCO
265,CC1=CC(=O)CC(C)(C)C1
283,BrCCBr
277,C=CCCCCCCCCCCCCCC
282.9,CCCCCCCCCCCCCCC
275,CC(C)OC(=O)/C=C/C(=O)OC(C)C
210,CCc1ccccn1
214,ClCCCBr
221,COC(=O)C(Cl)Cl
255,CC(c1ccccc1)c1ccccc1
210,CCc1ccc(C)cc1C
240,CCC(CC)(CC)CC
210,C=Cc1ccccc1Cl
253,CCCCCCCCCS
224,CCCCCCCCC(C)C
219,O=S(=O)(Cl)Cl
252,NCc1cccnc1
241,COC(=O)CCl
242,CC(=O)OCCc1ccccc1
210,CC(C)c1cccc(C(C)C)c1
255,Cc1cccnc1
291,CCCCCCCCCCCCCCCC
230,C1CC[C@H]2CCCC[C@H]2C1
211,COC(=O)CC(=O)OC
265.65,CCc1ccc2ccccc2c1
95.84,CC1CC1
334,O=[N+]([O-])c1cccc(S(=O)(=O)Cl)c1
230,CCc1ccc(CC)cc1
142,CC(F)(F)Cl
134,O=C=S
112,CC1CC=CC1
129,CCC1(C)CCCC1
124,CCC1CC1
143,CCC1(C)CC1
135,CC1CC1(C)C
132,C=CC=CC
509,CNC1=Nc2ccc(Cl)cc2C(c2ccccc2)=[N+]([O-])C1
125,CCS
88,C=CC
579,Clc1c(Cl)c(Cl)c(-c2c(Cl)c(Cl)c(Cl)c(Cl)c2Cl)c(Cl)c1Cl
281,CN1CCN(C)C1=O
301,CCCCCCCCCCCCCCCCCCBr
246,Cc1cccc(I)c1
242,O=CN1CCCCC1
257,CCc1c(C)cccc1C
284,Cc1cccc(C)c1I
263,CCC(C)(C)C(C)(C)C
245,OCC(F)F
287,O=[N+]([O-])C([N+](=O)[O-])([N+](=O)[O-])[N+](=O)[O-]
283,Cc1cc(C)cc(N)c1
243,Cc1c(F)c(F)c(F)c(F)c1F
248,Cc1ccccc1C
250,C=C(C)c1ccccc1
242,CCc1ccccc1CC
301,CCCCCCCCCCCCCCCCCC
284.8,C1COCCO1
258,O=C(O)C(F)(F)F
249,N#CCc1ccccc1
258,Cc1ccc(Cl)c(Cl)c1
248.2,Clc1cccc(Cl)c1
258,OCc1ccccc1
271,C1=Cc2ccccc2C1
271,Oc1cccc(C(F)(F)F)c1
272,CN(C)C(=O)N(C)C
275,CC(Br)C(C)(Br)Br
273,Cc1ccccc1-c1ccccc1
266,CC(C)(C)c1ccccc1O
265,OCCc1ccccn1
278,CCCCCCCCCCCC(=O)OC
267,Cc1ccc(C)c(C)c1C
279,ICCCCI
280,CCC(=O)c1ccc(C)cc1
275,CC(C)(C)c1cccc(C(C)(C)C)n1
270.8,CC#CCO
268,C1COCCN1
268,CCc1ccc(N)cc1
192,CCN
185,CCOC(=O)C(C)C
200,CCCC(=O)OCCC(C)C
174,CC(=O)OCC(C)C
188,CCOB(OCC)OCC
347,Fc1ccc(-c2ccccc2)cc1
228,C#Cc1ccccc1
182,CCCCC(=O)OCC
200,CCCCCOC(=O)CCC
161,CCC(C)C(C)(C)C
149,CCCC(C)(C)C
155,CCCCC(C)C
239,CC(C)(Cl)Cl
175,CCCCSC
224,C1=CCC=CC1
203,CC1(C)CCCC1
147,CCC(Br)CC
239,CCCCCCCCC#N
189,CCCCCCC(=O)Cl
232,CC(C)(C)C1CCCCC1
188,CCCCCCC(C)CC
170,C=C(C)CCCC
156,CCCC(C)(C)C(C)C
172,CCC(C)C(C)(C)CC
237,C=C(C)C#N
326,Cc1ccc([N+](=O)[O-])c(F)c1
162,CCC(S)CC
158,CC(C)CC1CCCC1
195,C=C(C)CCCCCC
181.8,CCC(C)CC(O)CC
149,CC=C(C)C(C)C
160,COC(C)OC
310,O=[N+]([O-])c1ccccc1-c1ccccc1
181,CNC
215,CCCCCCCCCl
224,CCCCCCCCS
158,C=CC(C)(C)C
203,ClCC(Cl)(Cl)Cl
225,CCCCCCCI
156,CC(C)CCO
388,COC(=O)c1ccc(I)cc1
370,N#CC=CC#N
185,C=CCN
216,ClCC1CO1
232,SCCS
233,Cc1cccc(Br)c1
401,CCCNC(=O)NS(=O)(=O)c1ccc(Cl)cc1
229.2,Cc1ccc(C)c(C)c1
239,BrCCCBr
177,CCCCC#N
202,C=CC(=O)OCC
235,CC(C)(C)I
195,C#CC(C)(C)C
168,COCOC
225,Cc1cccc(Cl)c1
216,CCCCCCCC
179,C1CCCC1
244,ClC(Cl)C(Cl)(Cl)Cl
258,c1ccc2ncccc2c1
113,CCC(C)C
414,N#Cc1cc([N+](=O)[O-])c(Cl)c([N+](=O)[O-])c1
387,CCC(C)C(CC)C(N)=O
400,O=C(O)CCCC(=O)c1ccccc1
267,Nc1ccccc1
347,N#CC(c1ccccc1)c1ccccc1
162,CC(F)(F)F
209,Cc1cccc(C(C)C)c1
343,CCCCCCCCCCCCCCCCCCCCCCCCCCCCCCCC
188,COC(=O)C(C)C
232.3,CCCCC(O)CCC
240,CC1(C)CCCCC1
374,CC(C)(C)C(C)(C)C
145,CC(C)=CC(C)C
204,CCCCCC(=O)OCCC
193,CCCCCC#N
222,CCCCCSCCCCC
189,CCc1cc(C)cc(C)c1
213,CCCc1ccccc1C
162,CCC1CCCCC1
219,CCc1cc(C)ccc1C
156,CCCC1CCCC1
160,CCCCC(C)CCC
167,CC(C)CCC(C)(C)C
155,CCC(C)=C(C)C
185,CCCCC(C)CCCC
174,CCC(CC)C(C)(C)C
231,Fc1ccc(C(F)(F)F)cc1
183,C#CC(C)C
162,C=CCC1CCCC1
309,O=C(Cl)c1cc(C(=O)Cl)cc(C(=O)Cl)c1
191,CC(C)C(C(C)C)C(C)C
234,CC(C(C)(C)C)C(C)(C)C
156,CCC#CC(C)C
147,CC=CC(C)CC
149,CC=CCC(C)C
190,CCc1ccccc1Cl
158,CCC(C)O
160,CCCS
167,CC(C)=CC(C)(C)C
174,CCOC(=O)CC(C)C
197,CCCCCS
188,CCCCCCBr
241,CC#CC
193,CCCCSCCCC
211,CCc1ccc(C)cc1
164,CC#CCC
193,CCCCCCC(C)C
397,CCc1oc2ccccc2c1C(=O)c1ccc(O)cc1
188,ClC=C(Cl)Cl
222,CC(=O)OCc1ccccc1
174,C=CCI
157,CCOCC
228,Cc1cc(C)cc(C)c1
157,CCCCS
230,CCCCCCC=O
166,CC(C)CC(C)(C)C
172,CCCI
207,C=CCCCCCCCC
178,CCCCCC
267,ClC(Cl)(Cl)Br
279,CCCCCCCCCCCCCCCC(C)C
281,COCC(=O)O
268,CCCCCCCCCCCCC
273.1,CC(=O)OO
271,CCCCCCCCCCC1CCCCC1
274,Clc1ccccc1I
264,CCCCCCCCCCCCCl
249,Cc1cc(C)c(C)c(C)c1
246,Brc1cccnc1
242,CCCCCCCCCCCl
285,CCCCCCCCCCCCCC(=O)OCC
244,BrCC(Br)Br
261,O=[N+]([O-])c1cc(F)ccc1F
251,ClC(Cl)=C(Cl)Cl
261,CC(C)c1ccc(Cl)cc1
246,CC(=O)CC(=O)OC(C)C
264,Brc1cccc(I)c1
242,Ic1ccccc1
257,CCCCCCCCCCI
260,N#Cc1ccccc1
243,CCCCCCCCCC
502,O=C1NS(=O)(=O)c2ccccc21
438,CS(=O)(=O)c1ccc(C(O)C(CO)NC(=O)C(Cl)Cl)cc1
134,CCCl
429,Cc1ccccc1S(N)(=O)=O
433,Cc1ccnc(N)n1
139,C[C@@H]1CC[C@H](C)C1
139,C=C(C)C(C)CC
139,C=CC(C)(C)CC
428,NC(=O)c1cccc(Br)c1
419.3,CC(C)=CCN1CC[C@@]2(C)c3cc(O)ccc3C[C@@H]1[C@@H]2C
432,c1ccc2c(c1)Sc1ccccc1S2
116,C=C(C)C(C)C
132,C=CCCC=C
137,C=C(C)CCC
119,CCCC(C)C
139,CC=C(C)C
422,Clc1ccc(-c2ccc(Cl)cc2)cc1
420,CCN(CC)CCNC(=O)c1cc(Cl)c(N)cc1OC
143,CCCCC
158,CCN(CC)CC
281,O=CO
239,CCCCC(=O)O
88,C=CCC
104,C=C
497.85,Cc1nnc(N)s1
249,CCC(C)(O)CC
217,CCOP(=O)(OCC)OCC
222,c1ccc2c(c1)CCC2
232,CC1CCC(=O)CC1
222.6,CCCCCC(C)(C)O
210,Cc1ccc(C)s1
209,CCCc1ccc(C)cc1
306,CCCCS(=O)CCCC
234,CCCCCCCCCCl
241,CCCCCCC(C)O
251,CC1CCCC1(C)C
210,CCCCCCOC=O
237,CC(C)C(C)(C)C(C)(C)C
244,CCOC(=O)Cc1ccccc1
210,Cc1cccs1
210,CCc1ccc(Cl)cc1
290.8,OCC(O)CO
254,CCCCOc1ccccc1
232,Cc1cccc(C(C)(C)C)c1
239,CC(Br)CCCBr
231,c1ccncc1
242,Brc1ccccc1
248,Cc1cccc(C)c1C
247,CCCCCCCCCCC
289.7,CC(=O)O
275,N#Cc1c(F)c(F)c(F)c(F)c1F
270,ClCc1ccc(Cl)cc1Cl
275.6,C#CC(C)(C)O
266,CC(C)c1cc(C(C)C)cc(C(C)C)c1
260,CC(C)(C)CCC(C)(C)C
264,CCCCC(=O)c1ccccc1
280,Cc1ccccc1Cc1ccccc1
265,NCc1ccncc1
263,OCCOCCO
259,CCCCCCCCCCc1ccccc1
263,Nc1cccc(Cl)c1
263.4,CCCCCCCCCCCC
180,CN
89,FC(F)(F)F
169,CC(C)CCCl
200,CC(=O)OC(C)C
133,C=C(C)C
207,Fc1c(F)c(F)c(C(F)(F)F)c(F)c1F
192,CCOC(=O)Cl
160,CC(C)=C(C)C(C)C
159,C=C=C(C)C
154,CCC(CC)CC
187,CCCSSCCC
342,CCCCCCCCCCCCCCCCCCC(=O)O
372,NC(=O)C(Cl)Cl
136,C=CCC(C)(C)C
198,CCCCCCCC(C)C
151,CCC(C(C)C)C(C)C
135,CCC1CCCC1
199,CC(C)c1ccccc1Cl
165,CCCCCC(C)CC
162,CC(C)C1CCCC1
131,CC1CCC(C)(C)C1
199,CC1(C)CC=CCC1
160,CCC(C)(C)CC(C)C
186,C=CC=CC
199,FC(Br)(Br)Br
183,CC1=C(C)CCC1
140,C=C(Br)CC
168,C#CCC(C)C
131,CCC=CC(C)C
185,C=CCNCC=C
85,CCC
161,CCCCBr
182,C1CCC1
348,CCCCCCCCCCCCCCCCCCCC(=O)O
187,CCCCCI
143,CCCC=C(C)C
183,CC#CCCC
136,CCC=CCCC
456.5,CN1CCN(C2=Nc3cc(Cl)ccc3Nc3ccccc32)CC1
208,CCC(Br)CBr
154,C=CCBr
189,CCOC(C)=O
164,COC(C)(C)C
154,CCBr
159,CCO
252.2,CCC(=O)O
122,CC=CCC
145.85,C1CC1
182,CCCCCCC
278,Cc1ccc(Cc2ccccc2)cc1
165,C1CCOC1
171,C=CCCCCCC
153,CC1=CCCCC1
133,C=CCCCC
225,C=C(C)C(=O)OC
299,c1ccc2cnccc2c1
175,CO
218,CC(Br)CBr
491,Oc1cc(O)cc(O)c1
330,NCC(O)c1ccccc1
410,O=C(O)c1ccccn1
296.5,NCCCCNCCCN
432,Nc1ccncc1
416,COc1cc(CC(=O)O)ccc1O
377,CC(=O)NCCCCCC(=O)O
349.5,CCCCCc1cc(O)c2c(c1)OC(C)(C)c1ccc(C)cc1-2
424.5,CNC(=O)Oc1cccc2c1OC(C)(C)C2
274,CC12CCC(CC1)C(C)(C)O2
324.5,CNC(=O)CSP(=S)(OC)OC
434,O=C(O)Cc1ccc(-c2ccccc2)cc1
280,COP(=S)(OC)Oc1ccc(SC)c(C)c1
305,Cc1ccc(C(C)C)cc2c(C)ccc1-2
371,OCc1c[nH]c2ccccc12
407,O=C(O)CCc1c[nH]c2ccccc12
309,COP(=S)(OC)Oc1ccc([N+](=O)[O-])cc1
377,CC(=O)NBr
420,COc1ccc(Cc2nccc3cc(OC)c(OC)cc23)cc1OC
422.5,O=C1c2ccccc2C(=O)C1c1ccccc1
420.5,CC(C)(C)c1ccc(C(O)CCCN2CCC(C(O)(c3ccccc3)c3ccccc3)CC2)cc1
435,NS(=O)(=O)Cc1noc2ccccc12
447.5,Cc1ccc(N(CC2=NCCN2)c2cccc(O)c2)cc1
445.5,CCC1(C2=CCCCC2)C(=O)NC(=O)NC1=O
380,Cc1cc(C)[nH]n1
382,Clc1ccc(C(c2ccc(Cl)cc2)C(Cl)Cl)cc1
184,CC[N+](=O)[O-]
431,CC1(O)CCC(C(C)(C)O)CC1
478,Cc1ccc2c(c1N)C(=O)c1ccccc1C2=O
438,Cc1cccc(C(=O)O)c1O
488,N#CC1=C(C#N)C(=O)C(Cl)=C(Cl)C1=O
410,O=C(Nc1ccccc1)c1ccccc1O
334,COc1c(Cl)cc(Cl)cc1Cl
283,CC(=O)c1cccs1
395,O=[N+]([O-])c1cc([N+](=O)[O-])c(O)c([N+](=O)[O-])c1
500,Nc1nc(N)nc(-c2ccccc2)n1
349,Cc1ccc2oc(=O)ccc2c1
315,O=C(OC(=O)c1ccccc1)c1ccccc1
243.5,CCC(C)=NO
279,Nc1cccc(C(F)(F)F)c1
317,O=C(Cl)c1cccc(C(=O)Cl)c1
266,OCc1cccnc1
432.5,Clc1nc(Cl)nc(Nc2ccccc2Cl)n1
189,C=CC#N
402,C=CC(=O)NC(C)(C)C
231,CC(C)CC(=O)CC(C)C
216,BrC1CCCCC1
400,Oc1cccnc1
227,Clc1ccccn1
180,CC(C)CCOC=O
171,CCSSCC
241,ClCCOCCOCCCl
403,CC(=O)NNc1ccccc1
514,Cc1cc(C2(c3cc(C)c(O)c(Br)c3)OS(=O)(=O)c3ccccc32)cc(Br)c1O
468,c1ccc2nc(-c3ccc4ccccc4n3)ccc2c1
321,Oc1ccc(Cl)cc1Cc1ccccc1
389,CCOC(=O)c1ccc(O)cc1
270,O=[N+]([O-])c1cc(C(F)(F)F)ccc1Cl
350,CCOc1cc(C=O)ccc1O
478,O=[N+]([O-])N1CN([N+](=O)[O-])CN([N+](=O)[O-])C1
474,O=C(c1ccc(O)cc1O)c1ccc(O)cc1O
488,O=C(O)c1cc(-c2ccccc2)nc2ccccc12
355,O=C(O)CCI
173,ClCCCCl
325,CC(C)C(O)C(C)(C)CO
364,c1ccc2cnncc2c1
395.5,c1ccc2c(c1)Oc1ccccc1O2
467,O=[N+]([O-])c1cc(S(=O)(=O)c2ccc(F)c([N+](=O)[O-])c2)ccc1F
261,FC(F)(F)c1ccc(Cl)c(Cl)c1
520,NC(=O)c1ccc(N)nc1
366.5,CON(C)C(=O)Nc1ccc(Cl)c(Cl)c1
417,CCCCNC(=O)NS(=O)(=O)c1ccc(N)cc1
378,CC(=O)Nc1cccc(C(F)(F)F)c1
255,O=C(O)C(F)(F)C(F)(F)C(F)(F)F
378,O=C(O)c1cccc(C(F)(F)F)c1
314,Cc1ccc(S(=O)(=O)F)cc1
207,CCOCOCC
348,CCC(=O)C(CC(C)N1CCOCC1)(c1ccccc1)c1ccccc1
527,O=C(O)c1ccnc2ccccc12
621,O=c1[nH]c(=O)c2nccnc2[nH]1
470,O=Cc1c[nH]c2ccccc12
395,O=C(O)c1ccoc1
380,c1ccc2c(c1)CCc1ccccc1N2
277,O=C1C=CCO1
331,Nc1ccccn1
201,Cc1ccccc1C(C)C
391,O=[N+]([O-])c1ccccc1[N+](=O)[O-]
322,c1ccc(CSCc2ccccc2)cc1
351,CCCCCCCCCCCCCC(=O)CCCCCCCCCCCCC
193,C1=CC=CCC=C1
427.5,O=C1C=Cc2cccc3cccc1c23
105,C=CC(C)C
374,COc1ccc(C(=O)O)c(OC)c1OC
337,Brc1cc2ccccc2c2ccccc12
355,O=C1c2ccccc2C(=O)N1CCBr
218,CCCC(=O)CC
283,CC(C)(C)N=C=S
158,CC1CC=CCC1
181,CCCCOC=O
332,CCCCCCCCCCCCCCCCCCCCCCCCCCC
260,CCC(O)(CC)CC
255,COC(=O)C(Cl)(Cl)Cl
376.5,O=[N+]([O-])c1ccc2c3c(cccc13)CC2
313,CC(=O)Oc1ccccc1[N+](=O)[O-]
307,CCOC(=O)c1ccco1
281,CC1=CC(=O)OC1=O
383,CC(=O)N[C@@H](CS)C(=O)O
386,CCc1ccc(C(=O)O)cc1
516,CN(C)c1ccc(C(=O)O)cc1
355,OC(COc1ccccc1)COc1ccccc1
298,Cc1ccc(N=C=S)cc1
339,CCOc1ccc(O)cc1
158,CCCCOC
146,CCCOCC
203,CCCCCCCCl
349,CCCCCCCCCCCCCCCCCCCCCCCCCCCCCCCCCCCC
191,CC[Si](CC)(CC)CC
337,CC(=O)Oc1ccccc1OC(C)=O
367,Cc1cc(C)c(C)c(O)c1
309,O=Cc1ccc([N+](=O)[O-])o1
327,Cc1cc(C)c(C)c(C)c1C
307,c1ccc2c(c1)CCc1ccccc1-2
429,O=P(c1ccccc1)(c1ccccc1)c1ccccc1
448,O=C(O)C12CC3CC(CC(C3)C1)C2
318,CC(=O)Oc1cccc2ccccc12
288,CCCCCC(=O)CCCCC
223,CCc1cccc(C)c1C
421,NNC(=O)c1ccccc1O
391,CC(Oc1ccccc1)C(=O)O
463,c1ccc(-c2cc3ccccc3[nH]2)cc1
279,CC(C)(C)CC(=O)O
206,CC(C)(C)CC(C)(C)C
396,Nc1ccc(C(=O)c2ccccc2)cc1
370,CCCCCCCCCCCCOC(=O)c1cc(O)c(O)c(O)c1
380,ClC1c2ccccc2CCc2ccccc21
481,CC(C)(C)c1cc(C(=O)O)cc(C(C)(C)C)c1O
171,CSC(C)C
349,Cc1ccc(N)nc1
176,CC[Si](Cl)(Cl)CC
332,OCc1ccc(Cl)cc1Cl
321,CCCCCCCCOc1ccc(C(=O)c2ccccc2)c(O)c1
376,BrC1c2ccccc2-c2ccccc21
287,CC(C)c1ccc2ccccc2c1
220,C=Cc1ccccc1Br
307.5,O=CC1CCCCC1
404,CN1C(=O)C(=O)c2ccccc21
281,CC(=O)c1cccc(Br)c1
436.5,CN(C)C(=O)Nc1cccc(C(F)(F)F)c1
398,Clc1nc(Cl)c(Cl)c(Cl)c1Cl
364,Clc1cc(Cl)c(Cl)nc1Cl
325,Cc1ccc(O)c(C(C)(C)C)c1
368,N#CC(C#N)=Cc1ccccc1Cl
312,COC(=O)c1cc(Cl)ccc1Cl
278,Brc1cscc1Br
232,Clc1ccc(Cl)s1
302,C=CCCCCCCCCCCCCCCCCCC
132,C=CCC(C)CC
183,CCOC(=O)C(C)(C)C
146,C=CC(CC)CC
284,C=CCCCCCCCCCCCCCCC
361,CCCCCCCCCCCCCCCCCCCCCCCCCCCCCCCCCCCCCCCCCCCC
357,Cc1cc(N)ccc1Cl
146,Cl[SiH](Cl)Cl
336.5,CCOC(=O)c1ccc(N(C)C)cc1
338,Cn1nnc2ccccc21
543,O=C(O)c1cc[n+]([O-])cc1
443,CS(=O)(=O)c1ccc2c(c1)N(CCCN1CCC(C(N)=O)CC1)c1ccccc1S2
334,Clc1ccc(Cl)nc1
290,COc1cc(Cl)ccc1O
259,CCc1cc(C)c(C)cc1C
434,O=C(O)Cc1sc(-c2ccccc2)nc1-c1ccc(Cl)cc1
314,COc1cc(CCC(C)=O)ccc1O
277,c1ccc(OCC2CO2)cc1
338,CCCCOc1ccc(O)cc1
421.5,CC1(C)CC(=O)CC(=O)C1
401,O=S(=O)(c1ccccc1)c1ccccc1
284,BrCC(Br)(Br)CBr
409,CCC(C)(C)C(=O)O[C@H]1C[C@@H](C)C=C2C=C[C@H](C)[C@H](CC[C@@H]3C[C@@H](O)CC(=O)O3)[C@H]21
444.5,CC(C)C1(C)N=C(c2ncccc2C(=O)O)NC1=O
251,C=CCCC(=O)O
312,CCCCCCCCCCCCCC(C)=O
346,C=Cc1ccc(O)cc1
168,CC=CC
491,O=c1[nH]cnc2ccccc12
421,CC(=O)NC12CC3CC(CC(C3)C1)C2
493,CN(C)c1cccc2c(S(N)(=O)=O)cccc12
427.5,COCCOc1c(OC)cc(Cc2cnc(N)nc2N)cc1OC
493,Nc1nc(Cl)cc(Cl)n1
285,Cc1ccc(CN)cc1
510,c1ccc([Si](c2ccccc2)(c2ccccc2)c2ccccc2)cc1
298,O=Cc1ccc(Oc2ccccc2)cc1
362,Cc1cc(C=O)c(C)n1-c1ccccc1
323,Cc1ccc(C)n1-c1ccccc1
556,O=C1C(O)=C(Cl)C(=O)C(O)=C1Cl
238,CCCCCCCCCC(=O)Cl
341,Clc1ccc(Cl)nn1
360,Fc1c(F)c(F)c2c(F)c(F)c(F)c(F)c2c1F
277,O=[N+]([O-])c1c(F)cc(F)cc1F
346,NC(=O)C(F)(F)F
274.5,O=Cc1ccc(C(F)(F)F)cc1
352,Nc1ccccc1Nc1ccccc1
369,O=C(CBr)c1ccc(Cl)cc1
474,c1ccc([Si]2(c3ccccc3)O[Si](c3ccccc3)(c3ccccc3)O[Si](c3ccccc3)(c3ccccc3)O[Si](c3ccccc3)(c3ccccc3)O2)cc1
325,COC(=O)c1ccccc1OC(C)=O
334,c1ccc(-c2ccncc2)nc1
335,COc1ccc(C(=O)c2ccccc2)cc1
282,CCOC(=O)c1cccnc1
327,COC(=O)c1cccc(I)c1
314,Ic1ccc(I)s1
325,O=C(c1ccccc1)c1cccc(C(F)(F)F)c1
275,CCOC(=O)C#CC(=O)OCC
212,CCCCCCCCC(=O)Cl
385,Nc1ccc(Br)cc1[N+](=O)[O-]
392,O=C(NCN1CCOCC1)c1cnccn1
267,C=CCCCCC(=O)O
429,NC(=O)c1ccc(F)cc1
397,CCOC(=O)c1cc2ccccc2[nH]1
284.5,N#CCc1cccc(Cl)c1
314,Brc1cncc2ccccc12
399.5,c1ccc(-c2nc3ccccc3nc2-c2ccccc2)cc1
143,CC=C1CCCC1
305,Fc1ccc(N2CCNCC2)cc1
443,Cc1cc(C(=O)O)ccc1N
230,C=C[Si]1(C)O[Si](C)(C=C)O[Si](C)(C=C)O[Si](C)(C=C)O1
142,CCC#CCCC
296,Clc1cc(Cl)nc(Cl)n1
330.5,COC(=O)CCC(=O)O
424.5,Nc1ccc(O)c(Cl)c1
375,O=Cc1cc2ccccc2c2ccccc12
353,O=C1CCC(c2ccccc2)CC1
362,CCOc1ccc(CC(=O)O)cc1
368,CC(=O)c1ccc(Br)s1
319,Cc1cc(Cl)nc(Cl)n1
245,CCc1cccc(-c2ccccc2)c1
369.5,O=C1CCC(=O)N1O
251,C=C(C#N)C(=O)OCC
371,O=C(O)CCOc1ccccc1
468,CSc1ccc(C(=O)O)cc1
316,Cc1cc([N+](=O)[O-])ccc1Cl
420,NC(=O)c1c(F)cccc1F
545,Oc1ccc2c(c1)[nH]c1ccccc12
390,O=C(O)C(O)c1ccc(Br)cc1
269,CCCCCCC(O)CCCC
155,CCC1=CCCC1
335,CCOc1ccc(C#N)cc1
440,Cc1c(C(=O)O)cnn1-c1ccccc1
385.5,[C-]#[N+]CS(=O)(=O)c1ccc(C)cc1
322,COC(=O)c1cc(Cl)ccc1[N+](=O)[O-]
453,N#Cc1c[nH]c2ccccc12
364,CC1=c2ccccc2=NC1c1ccccc1
336,CC(C=CC1=C(C)CCCC1(C)C)=CC=CC(C)=CCO
404,O=C(O)c1c(F)ccc(F)c1F
424,COC(=O)c1c[nH]c2ccccc12
357,O=Cc1ccc(Br)o1
404,O=C(/C=C/C=C/c1ccc2c(c1)OCO2)N1CCCCC1
164,CC=CCCCC
533.5,N[C@@H](Cc1ccc(O)c(F)c1)C(=O)O
424,NC(=S)c1c(Cl)cccc1Cl
388.5,CCCCC[C@H](O)/C=C/[C@H]1[C@H](O)CC(=O)[C@@H]1CCCCCCC(=O)O
503,O=c1ccc2ccc(O)cc2o1
488,O=c1c(O)c(-c2ccccc2)oc2cc(O)cc(O)c12
471,C[C@H](CCC(=O)O)[C@H]1CC[C@H]2[C@@H]3C[C@H](O)[C@@H]4C[C@H](O)CC[C@]4(C)[C@H]3CC[C@]12C
154,CC=C(C)CCC
419,O=C(/C=C/c1cccc([N+](=O)[O-])c1)c1ccccc1
359,CCOC(=O)C=C1SC(N2CCCCC2)C(=O)N1CC
343.5,[O-][n+]1ccccc1S
297,C=CCCCCCCCCC(=O)O
338,CC(=O)Nc1cccc(C)c1
395,OCC(O)C(O)CO
380,Cc1cc(O)cc(O)c1
283,Cc1ccnc2ccccc12
271,Cc1ccc2ccccc2n1
251,Clc1cccc(Br)c1
412.5,Oc1ccc2ccccc2c1N=Nc1ccccn1
279,COc1cc(C)ccc1O
228,O=Cc1ccccc1F
252,c1ccc2c(c1)CCO2
320,Clc1ccc(Cl)c(Cl)c1Cl
182,CCc1ccncc1
230,CCc1ccc(Br)cc1
277,Fc1cc(F)c(F)cc1F
315,COC(=O)c1cccnc1
267,Fc1cc(F)cc(F)c1
260,Cc1ccc(Cl)cc1Cl
304,Nc1c(F)c(F)cc(F)c1F
283,CC(=O)c1cc(C)c(C)cc1C
231,Fc1ccccc1I
294,O=C(c1ccccc1)C(Cl)Cl
374,O=C(CCl)c1ccc(Cl)cc1
311,COc1cccc([N+](=O)[O-])c1
317,CCOC(=O)c1ccc(OC)c(OC)c1
388,O=C(O)CCC(=O)C(=O)O
402,O=C(O)Cc1ccc(O)c(O)c1
452.5,Cc1ccc2cc3c(ccc4ccccc43)c3c2c1CC3
373,CCC(C(=O)NC(=O)NC(C)=O)c1ccccc1
469.5,CN(C)CCC=C1c2ccccc2CCc2ccccc21
389,CS(=O)(=O)OCCCCOS(C)(=O)=O
430.5,Cc1ccc(-c2cc(C(F)(F)F)nn2-c2ccc(S(N)(=O)=O)cc2)cc1
464,Oc1nc2cc(Cl)ccc2o1
453,CCCCC1=NC2(CCCC2)C(=O)N1Cc1ccc(-c2ccccc2-c2nnn[nH]2)cc1
427,O=c1cc(CO)occ1O
329,O=Cc1ccccc1C=O
393,OC(CCN1CCCCC1)(c1ccccc1)c1ccccc1
506,CCc1nc(N)nc(N)c1-c1ccc(Cl)cc1
369,CCN(Cc1ccncc1)C(=O)C(CO)c1ccccc1
437,NCCc1ccc(O)cc1
538,COC(=O)[C@H]1[C@H]2C[C@@H]3c4[nH]c5cc(OC)ccc5c4CCN3C[C@H]2C[C@@H](OC(=O)c2cc(OC)c(OC)c(OC)c2)[C@@H]1OC
423.5,O=c1[nH]c(=O)n([C@H]2C[C@H](O)[C@@H](CO)O2)cc1F
321,CCN(CC)CCSC(=O)N(c1ccccc1)c1ccccc1
457,Nc1nc2cc(Cl)ccc2o1
161,S=C=S
142,CC(C)S
244,C[N+](=O)[O-]
404.5,O=C(O)C(Br)(Br)Br
337.5,O=S1(=O)CC=CC1
357,C=CC(N)=O
288,O=S(=O)(Cl)c1ccccc1
322,CC(C)(C)C1CCC(=O)CC1
324,CC(=O)c1ccc(Br)cc1
243,CCOc1ccccc1
177,CCCC(C)Br
323.5,O=P(Oc1ccccc1)(Oc1ccccc1)Oc1ccccc1
263,CCCCCCCCCCCCBr
318.5,Nc1ccc(F)c(Cl)c1
265.5,Nc1ccc(F)cc1F
429,CCC(=O)C1(c2cccc(O)c2)CCN(C)CC1
506,Nc1ncnc(Nc2ccc(Cl)cc2)n1
290.5,C[Si]1(C)O[Si](C)(C)O[Si](C)(C)O[Si](C)(C)O1
283,Brc1ccccc1I
353.5,c1ccc(P(c2ccccc2)c2ccccc2)cc1
204,C=Cc1ccccc1C
449,Cc1nc2ccccc2[nH]1
177,CCc1cccc(C)c1
238,CCCCCCCC(C)O
270,N#CCCCCCCC#N
319,CCCCCCCCCCCCCCCO
278,Cc1cccc(-c2ccccc2)c1
141,C=C(CC)CC
305,O=S1(=O)CCCO1
360,CN1CCC(CN2c3ccccc3Sc3ccccc32)C1
212,C=C1CCC2CC1C2(C)C
348,CCC(=O)OC(Cc1ccccc1)(c1ccccc1)C(C)CN(C)C
433,OC(c1ccccc1)(c1ccccc1)C1CCNCC1
343.5,O=[N+]([O-])c1ccc(Oc2ccc(Cl)cc2Cl)cc1
392,O=C(O)Cc1cccc([N+](=O)[O-])c1
328,N#Cc1ccccc1Br
215,CCCCCC1CCCCC1
312,N#Cc1cccc(Br)c1
397,CCOC(=O)n1ccn(C)c1=S
422,Cc1c(CN2CCOC(c3ccccc3)C2C)c(=O)n(-c2ccccc2)n1C
326.5,CCOC(=O)NCCOc1ccc(Oc2ccccc2)cc1
434,NC(=O)c1ccc(O)cc1
289,CCOC(=O)C(C(=O)OCC)c1ccccc1
374,CCOc1ccc(NC(=O)CN)cc1
346.5,Fc1ccccc1-c1ccccc1
318.5,Oc1ccccc1C(F)(F)F
311,CC1(C(=O)O)CCCCC1
351,CCc1cc2cc(OC)c(OC)cc2c(Cc2ccccc2)n1
386,Nc1ccc(OCCCCCN2C(=O)c3ccccc3C2=O)cc1
288.5,BrCCCCCCCCBr
506,O=C1NN(c2ccccc2)C(=O)C1c1ccccc1
413,O=Cc1cccc2c1CCOC2=O
312,O=C(O)CCCCCCCBr
304,C/C=C/C=C/CO
407,CC=CC=CC(=O)O
433,C=C(C)CC1(CC)C(=O)NC(=S)NC1=O
402,COCC(=O)Nc1cc(Sc2ccccc2)ccc1N=C(NC(=O)OC)NC(=O)OC
432,Cl[C@H]1[C@H](Cl)[C@@H](Cl)[C@H](Cl)[C@H](Cl)[C@H]1Cl
385.5,Cl[C@H]1[C@H](Cl)[C@@H](Cl)[C@@H](Cl)[C@H](Cl)[C@H]1Cl
311,COc1ccc(C(C)=O)cc1
268.5,CNCCO
287,CCOc1ccc(C=O)cc1
229.5,OCC(F)(F)F
335,O=[N+]([O-])c1cccc(Cl)c1Cl
350,N#Cc1cccc(C=O)c1
380,CCCCN1CCCCC1C(=O)Nc1c(C)cccc1C
436,NC(N)=Nc1nc(CSCCC(N)=NS(N)(=O)=O)cs1
368,ClC1=C(Cl)C2(Cl)C3C(Cl)C=CC3C1(Cl)C2(Cl)Cl
402.5,CCCC(C)C1(CC)C(=O)NC(=O)NC1=O
554,CCC1(c2ccccc2)C(=O)NCNC1=O
401.5,CCCCNC(=O)NS(=O)(=O)c1ccc(C)cc1
451,Cc1cc(CC(=O)O)n(C)c1C(=O)c1ccc(Cl)cc1
415,C[C@]12CC[C@H]3[C@@H](CCC4=CC(=O)CC[C@@]43C)[C@@H]1CC[C@@H]2C(=O)CO
201,CC(C)C#N
228.5,CC(=O)CCl
382,CCc1ccc2c(c1)C(=O)c1ccccc1C2=O
236,COc1ccccc1
169,C1=CCCCC1
185,CCC(=O)OC
278.5,CCCCCCCCCCCCCC
384.5,N#Cc1ccc(O)cc1
453,CCc1c(C)[nH]c2c1C(=O)C(CN1CCOCC1)CC2
400,COc1ccc(NC(=O)N(C)C)cc1Cl
305,CCCN(CC1CC1)c1c([N+](=O)[O-])cc(C(F)(F)F)cc1[N+](=O)[O-]
429,CCOC(=O)Nc1ccc2c(c1)N(C(=O)CCN1CCOCC1)c1ccccc1S2
300.5,NCCCCN
292.5,COC(=O)CCC(=O)OC
297,COC(=O)c1ccccc1N
355,COc1cc(C=O)ccc1O
288.5,Cc1cccc([N+](=O)[O-])c1
291.4,CS(C)=O
403,NC(=O)c1cccnc1
502.5,CCn1cc(C(=O)O)c(=O)c2ccc(C)nc21
478,O=C1Nc2ccc(Cl)cc2C(c2ccccc2)=NC1O
365,C=CCOc1ccc(CC(=O)O)cc1Cl
448,CC[C@H](C)C(=O)O[C@H]1C[C@@H](C)C=C2C=C[C@H](C)[C@H](CC[C@@H]3C[C@@H](O)CC(=O)O3)[C@H]21
197,CC=CC=O
368,O=C(C(=O)c1ccccc1)c1ccccc1
356.5,O=[N+]([O-])c1ccc(Cl)cc1
331,CCCCOC(=O)c1ccc(N)cc1
181,CCCCOC(=O)CCC
280,C1CCCCC1
91,C
275,NC=O
89.67,CC
424.6,O=C(CCNNC(=O)c1ccncc1)NCc1ccccc1
162.5,FC(Cl)(Cl)Cl
209,C=CC(=O)OCCCC
135,C=C(C)Cl
198,C=C(C)CCC(=C)C
392,CC(C)c1cc(C(C)C)c(C(C)C)cc1C(C)C
187.4,c1ccoc1
449,NC(=O)c1ccccc1[N+](=O)[O-]
474,COc1cc(Cc2cnc(N)nc2N)cc(OC)c1OC
278,CCCCCCCCCCCCCCBr
285,CC1OC(C)OC(C)O1
278,Oc1ccccc1Br
273.5,CCCCCCC=CCCCCCCCC(=O)O
239,O=C1CCO1
313,CC(C)(OOC(C)(C)c1ccccc1)c1ccccc1
292,NNc1ccccc1
246,OCCF
256,CC(C)(C)C
330,CCCCCCCCCCCCCCCCCCCCCCCCCC
300,O=S1(=O)CCCC1
316,c1ccc([SiH](c2ccccc2)c2ccccc2)cc1
209.4,C#CCCO
212,CN(C)C=O
301.5,CCCCCCCCCCC(=O)O
210,ClC(Cl)Cl
312.85,OC1CCCCCCCCC1
448.85,Cn1c(=O)n(C)c(=O)n(C)c1=O
276,Cc1ccncc1
419,N#CI
260,Clc1ccccc1Br
287,Brc1cnc2ccccc2c1
293,CCOc1ccccc1C(=O)O
283,BrCCCOc1ccccc1
287,CCC(c1ccccc1)c1ccccc1
176,CCl
162,C1CO1
173,FC(F)(F)C(F)(F)F
328,CC(C)(C)c1ccc(O)c(O)c1
374,O=Cc1cc(Cl)ccc1O
337,Cc1cc(Br)ccc1O
361,CC(C)OC(=O)Nc1ccccc1
335,C1CCCCCCCCCCCCCC1
225,Fc1cc(F)c(F)c(F)c1F
186,C=CC=O
291,Brc1ccc(Oc2ccccc2)cc1
439.5,CCn1ccc(NS(=O)(=O)c2ccc(N)cc2)nc1=O
333,OC(c1ccccc1)c1ccc(Cl)cc1
378,O=C(O)COc1ccc(F)cc1
348,Clc1ccc(C(c2ccccc2Cl)C(Cl)(Cl)Cl)cc1
310.2,O=C=Nc1ccc(Cc2ccc(N=C=O)cc2)cc1
206,CCCCC(CC)COC(=O)CCCCC(=O)OCC(CC)CCCC
187,CC(C)OC(C)C
334,C1OCOCO1
231.8,CCCC(O)CCC
211,Cc1ccc(C)o1
315,COc1cccc(O)c1O
348,COC(=O)C(O)(c1ccccc1)c1ccccc1
307,COc1ccc(C=O)c2ccccc12
340,CC#CC#CC
158,C=COCC
380,Oc1ccccn1
198,CCCCCCI
161,CC(=O)Cl
235,CCN(CC)c1ccccc1
351,Clc1ccc(-c2ccccc2)cc1
278,CC(O)C(C)(C)C
272,Brc1cccc2ccccc12
263,C[C@H]1CC[C@@H](O)CC1
455,O=C(O)c1ccc(Cl)c([N+](=O)[O-])c1
125,C=CCC=C
309,C=C(C)[C@@H]1CCC2=CC(=O)C[C@@H](C)[C@]2(C)C1
222,O=C1CCCC1
313,CCCCCCCCCCCCCCCCCC(=O)OC
253,C1=CC2C=CC1C2
301,NCCCCCCCN
374,CCN(CC)CCNc1ccc(CO)c2sc3ccccc3c(=O)c12
200,CCOC(=O)CC
193,CCCCCCOC(C)=O
208,CC(C)C=O
443,O=C(CCCN1CCC(n2c(=O)[nH]c3ccccc32)CC1)c1ccc(F)cc1
205,Cc1ccc(C(C)C)cc1
187,Br
523,O=C1CC(c2ccc(O)cc2)Oc2cc(O)cc(O)c21
200,O=S=O
498,O=C(O)c1ccc(O)cc1O
384,CC(N)(CO)CO
372,Cc1ccnc(N)c1
401,Nc1ccc2c(c1)Cc1ccccc1-2
361,COP(=O)(NC(C)=O)SC
461,CC(=O)c1ccc(S(=O)(=O)NC(=O)NC2CCCCC2)cc1
472.5,Nc1ccc(C(=O)NCC(=O)O)cc1
345,COP(=S)(OC)SCn1nnc2ccccc2c1=O
337,O=C(O)CCCc1ccc(N(CCCl)CCCl)cc1
421,COc1cc(OC)c2ccc(=O)oc2c1
412,CC(=O)N(O)CCCCCNC(=O)CCC(=O)N(O)CCCCCNC(=O)CCC(=O)N(O)CCCCCN
485.5,CC(C(=O)O)c1ccc(N2Cc3ccccc3C2=O)cc1
438.5,Cc1oncc1C(=O)Nc1ccc(C(F)(F)F)cc1
318,COP(N)(=O)SC
477,O=C(O)c1cccnc1Nc1cccc(C(F)(F)F)c1
326,CN1CCN(CCCN2c3ccccc3Sc3ccccc32)CC1
453,NS(=O)(=O)c1ccc(N2CCCCS2(=O)=O)cc1
496,CCCCS(=O)(=O)NC(Cc1ccc(OCCCCC2CCNCC2)cc1)C(=O)O
387,OC(CCN1CCCCC1)(c1ccccc1)C1CCCCC1
499,CC(C)Nc1cccnc1N1CCN(C(=O)c2cc3cc(NS(C)(=O)=O)ccc3[nH]2)CC1
404,Cc1cc(C(C)(C)C)cc(C)c1CC1=NCCN1
411,COc1cc(C(=O)NS(=O)(=O)c2ccccc2C)ccc1Cc1cn(C)c2ccc(NC(=O)OC3CCCC3)cc12
535,C[C@@H]1C[C@H]2[C@@H]3CCC4=CC(=O)C=C[C@]4(C)[C@@]3(F)[C@@H](O)C[C@]2(C)[C@@]1(O)C(=O)CO
436,O=C(O)c1c(Cl)cc(Cl)cc1Cl
441,O=C(O)c1cccc(Cl)c1Cl
451,Cc1ccc(C(=O)O)c(O)c1
467,CC(=O)Nc1ccc2c(c1)Cc1ccccc1-2
334,O=Cc1ccc2ccccc2c1
173,C[Si](C)(C)C
349,CC12CCC(C(Br)C1=O)C2(C)C
562,CC(=O)Nc1ccc(S(=O)(=O)c2ccc(NC(C)=O)cc2)cc1
327,CCC(C)(O)C#CC(C)(O)CC
544,O=C1OC(=O)c2cccc3cccc1c23
347,O=C1OCc2ccccc21
275,Cc1c(N)cccc1Cl
412,O=C(O)c1ccsc1
334,c1ccc(Nc2cccc3ccccc23)cc1
448,O=c1c2ccccc2oc2ccccc12
316,O=C(c1ccccc1)c1ccccn1
363,CC(=O)OC(OC(C)=O)c1ccc([N+](=O)[O-])o1
371,COc1ccc(CC(=O)O)cc1OC
347,CCCOC(=O)c1ccc(N)cc1
413,COc1cc([N+](=O)[O-])ccc1N
348,O=S(=O)(Cl)c1ccc(Br)cc1
325,O=S(=O)(Cl)c1ccc(Cl)cc1
438,CN(C)c1ccc([N+](=O)[O-])cc1
340,O=C1C(Cl)=CC(=NCl)C=C1Cl
422,N=C(Nc1ccccc1)Nc1ccccc1
315,O=C=Nc1ccc(Cl)c(Cl)c1
495,CC1=NNC(=O)C1
243,Cc1cnccn1
304,CCCCCCCCCCCCCCCC(=O)OC
270,C=CCCCCCCCCCO
266,CCCCCCCCCCCCS
284,CCCCCCCCCCCCCCCC(=O)Cl
290,CCCCCCCCCCCCCCCCBr
291,OCC(Cl)(Cl)Cl
351.5,OC(c1ccc(Cl)cc1)(c1ccc(Cl)cc1)C(Cl)(Cl)Cl
312,O=C(c1ccccc1)c1ccccc1O
409,COc1cc(-c2ccc(N)c(OC)c2)ccc1N
385,COc1cc(C=O)cc(OC)c1O
357,Nc1ccc(Oc2ccccc2)cc1
489,c1ccc2cc3c(cc2c1)-c1cccc2cccc-3c12
320,c1ccc2ncncc2c1
382,c1ccc2nc3ccccc3cc2c1
378,c1cnc2[nH]ccc2c1
303,c1ccc2ocnc2c1
431,C1CN2CCN1CC2
425,COCCOc1cnc(NS(=O)(=O)c2ccccc2)nc1
340,N#CCC(=O)O
431,O=C(O)c1c(F)cccc1F
278,O=C(Cl)c1ccccc1F
396,O=C(O)c1cccc(F)c1
549,c1ccc(-c2nc(-c3ccccc3)c(-c3ccccc3)[nH]2)cc1
417,COc1cc(OC)c(C(=O)O)cc1OC
308,[O-]/[N+](=N\c1ccccc1)c1ccccc1
319,C1=CC2CCC1C2
364,OCCc1ccc(O)cc1
372,O=C(O)CCCCCCCCCCCCCCCO
309,CCOC(=O)C(O)(c1ccc(Cl)cc1)c1ccc(Cl)cc1
331,OCCc1c[nH]c2ccccc12
345,Cc1cc(C)c(O)c(C)c1
438,O=C(O)c1ccc([N+](=O)[O-])c([N+](=O)[O-])c1
280,O=C1CCCc2ccccc21
422,NC(=O)NCc1ccccc1
325,CCCCCCCCC(=O)CCCCCCCC
409,CC(C)CC(N)=O
368,Cc1cccc([N+](=O)[O-])c1N
327,OCc1ccncc1
328,COC(N)=O
338,C=C(Cl)C(=O)O
386,CCC(C(=O)O)C(=O)O
356,O=[N+]([O-])c1c(O)cccc1O
375,O=C(O)c1c(F)c(F)c(F)c(F)c1F
418,Cc1cccc(C(=O)O)c1C
420,O=[N+]([O-])c1cc([N+](=O)[O-])c2ccccc2c1
348,Cn1c(=O)ccc2ccccc21
429,O=[N+]([O-])c1ccc2c(c1)Cc1ccccc1-2
304,O=[N+]([O-])c1ccco1
454,O=C(O)c1ccc([N+](=O)[O-])cc1[N+](=O)[O-]
338,O=C(O)C(=O)c1ccccc1
393,Cc1ccc(-c2ccc(C)cc2)cc1
338,N#Cc1ccc2ccccc2c1
297,O=C1CCCN1
439,Cc1ccc(C(=O)O)cc1C
406,[O-][S+](Cc1ccccc1)Cc1ccccc1
409,CCOc1cccc(C(=O)O)c1
360,NC(=O)OCc1ccccc1
245,CCCOc1ccccc1
359,CC(CC(=O)O)CC(=O)O
373,CC(CCC(=O)O)CC(=O)O
209,CCCCCCC#N
326,CCCCCCCCCCCCCCCCCCCCCCCCC
556,c1ccc(C(c2ccccc2)(c2ccccc2)c2ccccc2)cc1
318,CCOC(=O)c1ccc(C(=O)OCC)cc1
356.5,CCC1CCC2C3CCC4CCCCC4(C)C3CCC12C
471,N#CC(C#N)=C(C#N)C#N
308,CP(=O)(Cl)Cl
416,Cc1ncc[nH]1
415,O=C1Cc2ccccc2C(=O)O1
340,CC(C)(C)C1=CC(=O)C=C(C(C)(C)C)C1=O
413,c1ccc(-c2nnc(-c3ccccc3)o2)cc1
286,CC(C)=CC=C(C)C
426,Cc1cc(C)nc(N)n1
328,Cc1cc(C)c(S(=O)(=O)Cl)c(C)c1
208,CC(Cl)C(Cl)(Cl)Cl
338,C=Cc1ccc2ccccc2c1
349,NNc1c(F)c(F)c(F)c(F)c1F
333,O=C1CCCCCCCCCCC1
271,Cc1ccc(C(=O)Cl)cc1
387,c1ccc(-c2nc3ccccc3s2)cc1
321,Cc1cccc[n+]1[O-]
411,Oc1nc2ccccc2s1
373,N#Cc1ccc(Cl)c([N+](=O)[O-])c1
433,O=[N+]([O-])c1ccc(Nc2ccccc2)c([N+](=O)[O-])c1
311,Cc1ccc[n+]([O-])c1
352,COc1ccc2c(c1)CCCC2=O
288,CC(=O)c1ccncc1
447,Cc1ccnc(-c2cc(C)ccn2)c1
579,Brc1c(Br)c(Br)c(Oc2c(Br)c(Br)c(Br)c(Br)c2Br)c(Br)c1Br
531,NS(=O)(=O)c1cc(C(=O)O)ccc1Cl
515,CS(=O)(=O)c1ccc(-c2cn3ccccc3n2)cc1
307,Clc1ccc(Cl)c(Br)c1
430,NC(=O)c1ccncc1
299,Fc1ccc(N=C=S)cc1
494,COC(=O)c1ccc(C(=O)O)cc1
468,O=P(O)(c1ccccc1)c1ccccc1
513,NC(N)=NC(=O)c1nc(Cl)c(N)nc1N
343,COc1cccc(OC)c1C(C)=O
313,O=C(O)CCCCBr
318,S=C=Nc1ccc(Cl)cc1
340,Clc1cccnc1Cl
368,O=C(O)Cc1ccccc1Cl
338,Clc1cncc(Cl)c1
374,CC(=O)n1ccnc1
411,O=C(O)c1cc(Cl)ccc1[N+](=O)[O-]
275,CCOC(=O)c1ccccn1
454,O=Cc1cc(Br)c(O)c(Br)c1
415,O=Cc1ccc(O)c([N+](=O)[O-])c1
315,N#CSCc1ccccc1
360,CS(=O)(=O)c1ccccc1
352,NNC(=O)c1ccco1
313,BrCCCCCCCCCCCCBr
369,CCNc1ccc([N+](=O)[O-])cc1
404,S=C=Nc1ccc(N=C=S)cc1
316,CCc1cc(C(C)(C)C)c(O)c(C(C)(C)C)c1
354,CCCCCCCCCCCCCCCCCCCCCCCCCCCCCCCCCCCCCCCC
307,O=C(O)CCCCCBr
631,O=C(O)c1ccc(C(=O)O)s1
295,O=CN1CCOCC1
302,Cc1ccc(Cc2ccc(C)cc2)cc1
494,Cc1cccc(C(=O)O)c1[N+](=O)[O-]
347,O=C1c2ccccc2C(=O)N1CCCBr
242,CCCCCCCC1CCCCC1
454,NC(=O)c1cccs1
379,N#CSCSC#N
453,NS(=O)(=O)c1ccc([N+](=O)[O-])cc1
297,NCC1CCNCC1
283,O=C(Cl)c1ccccc1Br
396.5,N#CC(Br)(Br)C(N)=O
473,CC12CCC(C(=O)C1=O)C2(C)C
288,CCCCCCCCCCCCC=O
435,c1ccc2c(c1)OCCOCCOc1ccccc1OCCOCCO2
297,CCCCCc1ccc(O)cc1
370,OCc1c(Cl)cccc1Cl
379,N#Cc1ccc2[nH]ccc2c1
368,CN1CCC(N(Cc2cccs2)c2ccccc2)CC1
291,CCCCCCCCCCCCCC(=O)OC
342,Cc1c(Br)cc(Br)cc1Br
301,N#CCc1cccc(Br)c1
436,Cc1cccc(Nc2ccncc2S(=O)(=O)NC(=O)NC(C)C)c1
442,O=C(O)c1ccccc1-c1ccc(C(F)(F)F)cc1
337,O=C(O)CSc1ccccc1
284,CC(S)C(=O)O
459,C1CNCCNCCCNCCNC1
393,O=c1c(-c2ccccc2)c1-c1ccccc1
376,NNS(=O)(=O)c1ccccc1
357,O=C(Cl)N(c1ccccc1)c1ccccc1
331,O=C=Nc1ccc([N+](=O)[O-])cc1
301,CN1CCC(O)CC1
355,O=C(c1ccccc1)c1cccc(Cl)c1
346,Cc1cc(Br)c(C)cc1Br
367,BrCc1ccccc1CBr
343,c1ccc(CN(Cc2ccccc2)c2ccccc2)cc1
356,COc1ccc(Cl)cc1N
418,NS(=O)(=O)c1ccc(Cl)cc1
335,O=C(O)CSCc1ccccc1
338,CCOC=C(C#N)C#N
335,CC(C)=NO
347,O=[N+]([O-])c1cc([N+](=O)[O-])c(F)cc1F
426,O=C(O)c1ccc(OC(F)(F)F)cc1
351,O=C(O)Cc1cccc(C(F)(F)F)c1
283,O=C(Cl)c1ccc(F)cc1
299,Cc1ccc(F)cc1[N+](=O)[O-]
356,Cc1c(C)c(C)c(CCl)c(C)c1C
305,c1csc(-c2cccs2)c1
311,Nc1ccccc1C=O
391,O=C(n1ccnc1)n1ccnc1
521,c1ccc(Nc2ccc(-c3ccc(Nc4ccccc4)cc3)cc2)cc1
361,Nc1ccc2ncsc2c1
335,BrCc1ccc(Br)cc1
350,CC#CC(=O)O
497,Cc1cc(C2(c3ccc(O)c(C)c3)OC(=O)c3ccccc32)ccc1O
317,CCCCS(=O)(=O)CCCC
508,Cc1cc(O)c2ccccc2n1
436,O=C(O)c1ccc([N+](=O)[O-])cc1C(=O)O
359,c1ccc(Cc2ccc(-c3ccccc3)cc2)cc1
408,NC(=O)c1cccc(Cl)c1
325,Cc1ccc(C(=O)CBr)cc1
424,O=S(=O)(Cc1ccccc1)Cc1ccccc1
400,c1ccc(COc2ccc(OCc3ccccc3)cc2)cc1
424,NC(=O)Oc1ccccc1
286,CC(=O)OCCCCOC(C)=O
497,c1ccc(C(=C(c2ccccc2)c2ccccc2)c2ccccc2)cc1
409,O=C(O)C#Cc1ccccc1
421,NC(=O)c1c(F)c(F)c(F)c(F)c1F
362,O=C(c1cccs1)c1cccs1
305,CC(=O)c1ccc(C(F)(F)F)cc1
333,O=C(c1ccccc1)c1ccccc1C(F)(F)F
362,COc1cc(O)ccc1O
314,COc1ccc(C(C)=O)c(OC)c1
394,Cn1ccc(=O)n(C)c1=O
425,COc1cccc(C(=O)O)c1O
357,Cc1cccc2cc[nH]c12
413,Cc1ccc(OCC(=O)O)cc1
373,CCOC(=O)c1ccc([N+](=O)[O-])o1
312,c1ccc(COc2ccccc2)cc1
464,c1ccc(-c2nnc(-c3ccccn3)nc2-c2ccccc2)cc1
402,Nc1cccc2cnccc12
410,O=C(c1ccccc1)c1ccc([N+](=O)[O-])cc1
364,c1ccc(-c2cccc(-c3ccccn3)n2)nc1
371,O=Cc1cc(O)ccc1O
315,BrCCCCOc1ccccc1
293,COc1ccc(OC)c(C(C)=O)c1
309,CCOc1ccc(C(C)(C)COCc2cccc(Oc3ccccc3)c2)cc1
354,OCc1ccccc1Br
387,CC(Oc1ccccc1Cl)C(=O)O
390,O=C(O)CCC(=O)c1ccccc1
446,N#Cc1ccccc1C(N)=O
379,O=C(NCc1ccccc1)c1ccccc1
461,O=C(O)c1ccc(F)cc1F
339,Clc1ncccn1
288,c1ccc(NC2CCCCC2)cc1
457,NC(=O)c1ccc(C(F)(F)F)cc1
303,N#Cc1c(F)cccc1F
469,COc1cc(C(=O)O)cc(O)c1OC
233,CCCCCC(=O)OC(=O)CCCCC
374,O=C(c1ccccc1)c1ccc(-c2ccccc2)cc1
323,O=C(Cl)c1ccc2ccccc2c1
292,COc1ccc(N=C=S)cc1
377,C=CCC(C(=O)O)C(=O)O
322,OCc1ccccc1-c1ccccc1
454,O=C(O)c1ccc(CO)cc1
329,Clc1cc(Cl)cc(I)c1
399,N#Cc1ccc(I)cc1
332,O=Cc1ccc(-c2ccccc2)cc1
325,O=C=Nc1cccc([N+](=O)[O-])c1
379,SC(c1ccccc1)(c1ccccc1)c1ccccc1
461,Nc1ccc([N+](=O)[O-])cn1
323,O=Cc1ccnc2ccccc12
360,COc1cc(C#N)ccc1O
366,N#Cc1ccc2c(c1)OCO2
462,CC(CO)(CO)C(=O)O
357,COc1ccc2ccccc2c1C=O
341,C=CS(=O)(=O)c1ccccc1
373,CCC(=O)c1ccc(O)cc1O
391,NNC(=O)c1ccccc1Cl
369,N#Cc1cc(Cl)ccc1N
301,CCOC(=O)C(C(=O)OCC)C(=O)OCC
432,O=C(O)Cc1c(Cl)cccc1Cl
334,c1ccc(P(CCCP(c2ccccc2)c2ccccc2)c2ccccc2)cc1
287,NCCCN1CCN(CCCN)CC1
351,O=C(Cl)Oc1ccc([N+](=O)[O-])cc1
300,Cc1ccc(N)cc1Br
353,Brc1ccccc1-c1ccccc1Br
326,CC(=O)Oc1ccc(C(C)=O)cc1
353,c1ccc2c(c1)OCCOCCOCCOCCO2
362,Clc1ccc2cc[nH]c2c1
299,COc1ccc(Br)c(OC)c1
404,CC1=CCC(C(C)(C)O)CC1O
297,CCCCCCCCCCc1ccc(N)cc1
419,COc1cc(Cl)ccc1C(=O)O
342,CCCCCCC(O)C(=O)O
331,O=C1CCCCC1c1ccccc1
350,O=Cc1ccc(I)cc1
479,Cc1c(C(=O)O)cc([N+](=O)[O-])cc1[N+](=O)[O-]
394,O=C(O)c1cc(F)cc(F)c1
349,O=C(O)[C@@H]1CCCN1C(=O)OCc1ccccc1
344,CC(=O)OCC(C(OC(C)=O)c1ccccc1)[N+](=O)[O-]
333,OCC1CCCNC1
149,C#CCCC(C)C
415,CCCc1ccc(C(=O)O)cc1
370,Cc1ccc2c(c1)no[n+]2[O-]
439,O=CC(O)C(O)C(O)C(O)C(=O)O
301,CCOc1ccc(I)cc1
304,N#CCc1ccc(Cl)cc1
365,Cc1ccc(CC(=O)O)cc1
390,COc1ccc2c(c1)no[n+]2[O-]
315,CN1[C@@H]2CC[C@H]1CC(=O)C2
510,CC(C)CCCC(C)C1CCC2C3CC(O)C4(O)CC(O)CCC4(C)C3CCC12C
521,O=C(O)/C=C/c1ccc(Cl)cc1
446,COc1ccc(/C=C/C(=O)O)cc1
411,NNC(=S)Nc1ccccc1
535,O=C(O)/C=C/c1ccc(Br)cc1
442,O=C1CSC(=S)N1
339,COc1cc(CNC(=O)CCCC/C=C/C(C)C)ccc1O
507,O=C1CC(=O)NC(=S)N1
378,S=C1NCCS1
369,CCC(=C(c1ccccc1)c1ccc(OCCN(C)C)cc1)c1ccccc1
350,CCNC(=S)NCC
431,CC12CCC3C(CCC4(C)CC5(CCC34C)OCCO5)C1CCC2=O
437,CC(=O)OC1CCC2(C)C(CC(=O)C3C4CCC(=O)C4(C)CCC32)C1
439,O=C[C@H](O)[C@@H](O)[C@@H](O)[C@H](O)CO
449,O=[N+]([O-])c1ccc(O)c(O)c1
368,C=Cc1cccc(C(=O)O)c1
284,CC/C=C/CC(=O)O
405,Oc1ccccc1-c1nc2ccccc2s1
375,OC[C@@H](O)[C@@H](O)[C@@H](O)CO
427,Oc1ccc(/N=N/c2ccccc2)cc1
384,CC(=O)Nc1ccccc1C
366,O=C(C[N+](=O)[O-])Nc1ccccc1
262,CCCCOC(=O)CCCCCCCCC(=O)OCCCC
275,Cc1cccc(N)c1C
343,O=c1ccc2ccccc2o1
237,Cc1cccc(C)c1Cl
297,Clc1ccc(Br)cc1Cl
275,Cc1ccc(C(C)C)cc1O
300,CC(C)c1ccc(CO)cc1
478,O=C(O)c1ccccc1N=Nc1ccc(O)cc1
317,O=C(CCl)CCl
323,CN(C)c1ccc(N(C)C)cc1
291,CNc1ccccc1C(=O)OC
266,COc1cccc(C(C)=O)c1
277,Cc1ccc(CCl)cc1
324,COc1cc(Cl)ccc1N
356,Oc1ccc(Cc2ccccc2)cc1
316,COC(=O)c1cc(OC)cc(OC)c1
330,CCOC(=O)CNc1ccccc1
300,Clc1ccc(Br)c(Cl)c1
309,Nc1cccc(Oc2ccccc2)c1
235,COc1c(F)c(F)c(F)c(F)c1F
323,N#Cc1cccnc1
391,O=Cc1ccc(O)cc1
179,CC(C)=O
257,CCCCCCCCO
302,NCCCNCCCCNCCCN
391,c1cnc2c(c1)ccc1cccnc12
381,C=CCc1ccccc1OCC(O)CNC(C)C
480,NCC(CC(=O)O)c1ccc(Cl)cc1
426,CCCCOc1ccc(CC(=O)NO)cc1
383,CCN(CC)C(=O)Nc1ccc(OCC(O)CNC(C)(C)C)c(C(C)=O)c1
315.5,CCOP(=S)(OCC)Oc1nc(Cl)c(Cl)cc1Cl
334,Cc1ccc(C)c(OCCCC(C)(C)C(=O)O)c1
492,COC1=CC(=O)CC(C)C12Oc1c(Cl)c(OC)cc(OC)c1C2=O
367,NC(=O)CI
365,CNCCCC12CCC(c3ccccc31)c1ccccc12
437,NC(=O)CS(=O)C(c1ccccc1)c1ccccc1
452,CN1Cc2c(N)cccc2C(c2ccccc2)C1
451,CCN1CCCC1CNC(=O)c1cc(S(N)(=O)=O)ccc1OC
442,CNS(=O)(=O)Cc1ccc2[nH]cc(CCN(C)C)c2c1
320,CN1C(=O)OC(C)(C)C1=O
316,O=C(CC(=O)C(F)(F)F)c1cccs1
429,COc1ccccc1N1CCN(CCCNc2cc(=O)n(C)c(=O)n2C)CC1
555,C[C@]12CC[C@@H]3c4ccc(O)cc4CC[C@H]3[C@@H]1C[C@@H](O)[C@@H]2O
481,O=C(O)c1ccc(Cl)c(Cl)c1
427,O=[N+]([O-])c1cc[n+]([O-])c2ccccc12
249,CCOS(=O)(=O)OCC
382,CS(C)(=O)=O
412,Cc1ccc(S(N)(=O)=O)cc1
473,Cc1c(C2(c3cc(C(C)C)c(O)c(Br)c3C)OS(=O)(=O)c3ccccc32)cc(C(C)C)c(O)c1Br
300,CNC(C)=O
330,c1ccc(-c2ccccc2-c2ccccc2)cc1
342,CCn1c2ccccc2c2ccccc21
435,O=C(O)c1cccc2ccccc12
326,Nc1ccc(-c2ccccc2)cc1
340,OCC(O)c1ccccc1
367,Cc1cc(Cl)ccc1OC(C)C(=O)O
436,O=C(Nc1ccccc1)c1ccccc1
402,Cc1cc(O)ccc1O
290,BrCC(Br)CBr
259,ClCC(Cl)CCl
130,CC1CCCC1
192,CC(C)COC(=O)C(C)C
476,O=C(O)c1cccc(O)c1
479,O=C(O)c1cc([N+](=O)[O-])cc([N+](=O)[O-])c1
391,COc1ccc([N+](=O)[O-])cc1N
332,O=Cc1cccc([N+](=O)[O-])c1
331,CCOC(=O)c1ccc([N+](=O)[O-])cc1
425,CNc1ccc([N+](=O)[O-])cc1
446,O=[N+]([O-])c1ccc([N+](=O)[O-])cc1
210,CCN1CCOCC1
299,C=CCOc1nc(OCC=C)nc(OCC=C)n1
359,CC(=O)CC(=O)Nc1ccccc1
320,O=CNc1ccccc1
488,CC(=O)Nc1ccc([N+](=O)[O-])cc1
342,O=C1CCCCCN1
392.5,O=C1CCC(=O)O1
226,Cc1cccc(C)c1
192,CCCCCCS
171,CCCSCCC
243,CCCCCCCCCCBr
268,CCCCCCCCCC=O
313,CCCCCCCCCCCCCCO
316,O=C(Oc1ccccc1)c1ccccc1O
372.5,c1ccc2cccc-2cc1
294,c1cncnc1
399,Cc1nc2ccccc2c(=O)n1-c1ccccc1Cl
330,O=[N+]([O-])c1cc(C(F)(F)F)cc([N+](=O)[O-])c1Cl
312,O=[N+]([O-])c1ccc(C(F)(F)F)cc1
451,CC(=O)Nc1ccc(Cl)cc1
151,CCCCl
223,N#CCCCl
138,CCC(C)(C)CC
198,CC(C)=C(C)C
163,CC(C)C(C)C(C)C
315,O=[N+]([O-])c1ccccc1Br
364,Brc1ccc(I)cc1
170,CCCC(C)(C)O
299,CC1(O)CCCCC1
426,BrC(c1ccccc1)(c1ccccc1)c1ccccc1
404.5,O=[N+]([O-])c1cc([N+](=O)[O-])c2ccccc2c1O
313,Nc1c(Cl)cccc1Cl
443.5,O=C(O)c1cc([N+](=O)[O-])cc([N+](=O)[O-])c1O
382,N#Cc1ccccc1[N+](=O)[O-]
281,CC(C)(C)OOC(=O)c1ccccc1
278,Cc1cc(Br)ccc1Br
305,COC(=O)c1cccc(Br)c1
447,O=Cc1cccc(C(=O)O)c1
390,N#Cc1cccc([N+](=O)[O-])c1
369,COC(=O)c1ccc([N+](=O)[O-])cc1
434,N#Cc1cccc(C#N)c1
294,CCCc1ccc(O)cc1
271,N#CCCc1ccccc1
120,C=CCC(C)C
402,O=C(O)CCCCCCCCCCC(=O)O
264,CCCCCCCCCCCBr
328,O=C(c1ccccc1)C1CCCCC1
119,C=CC(C)CC
250,CN1CCCC1=O
357,N#Cc1ccc(N)cc1
270,OC(C(F)(F)F)C(F)(F)F
325,CCCCCCCCCCCCCCC(=O)O
218,CC(C)CCCCC(C)C
384,CN(C)c1ccncc1
317,COC(=O)c1ccc(Cl)cc1
334,COC(=O)c1ccc(C=O)cc1
351,O=C(O)Cc1cccc(Cl)c1
366,COc1cc(C#N)cc(OC)c1OC
298,OCCSSCCO
304,COc1cccc(Cl)c1Cl
275,Brc1ccccc1-c1ccccc1
303,Clc1ccccc1C(Cl)(Cl)Cl
425,Clc1nc2ccccc2nc1Cl
387,COc1cc(OC)c(OC)cc1C=O
510,O=C(O)c1cccc(Cl)c1[N+](=O)[O-]
169,O=S(Cl)Cl
169,CCC(C)N
334,CC(C)c1ncc([N+](=O)[O-])n1C
321,N#CCc1ccc(Br)cc1
358,CC(Cc1ccccc1)NC(C#N)c1ccccc1
476,NC(=O)CN1Cc2ccccc2OC1=O
345,O=[N+]([O-])c1c(Cl)cc(Cl)cc1Cl
394,COc1cc(C(=O)NCCCCCC(=O)O)cc(OC)c1OC
228,CCC(=O)OC(=O)CC
228,CCCCCCCC#N
193,CCCCOP(=O)(OCCCC)OCCCC
437,O=C1CN=C(c2ccccc2)c2cc(Cl)ccc2N1CC(F)(F)F
313,COc1cc(Cl)cc(Cl)c1
387,COc1cc(CO)ccc1O
313,CCN(CC)c1ccc(C=O)cc1
330,O=C(c1ccccc1)c1cccs1
297,c1c[nH]nn1
340,Fc1c(F)c(F)c(-c2c(F)c(F)c(F)c(F)c2F)c(F)c1F
342,[O-][n+]1onc2ccccc21
402,CC(C)C(N)=O
511,Clc1ccc(-c2nc3c4ccccc4ccn3n2)cc1
331.5,COC1=C(OC)C(=O)C(C)=CC1=O
416,NC(=O)c1ccccc1Cl
471,O=C(O)c1ccc(C(=O)c2ccccc2)cc1
369,Cc1cccc(C(N)=O)c1
368,N#CCc1ccc(CC#N)cc1
331,OCc1cccc(CO)c1
306,N#CCc1cccc(CC#N)c1
543,Cn1c(=O)c2c(ncn2CC(=O)O)n(C)c1=O
464,NC(=O)c1ccc(Br)cc1
370,COc1ccc([N+](=O)[O-])cc1OC
393,COc1cc(OC)c(C=O)c(OC)c1
387,CN1CCC(N(Cc2ccccc2)c2ccccc2)CC1
363,C=CC1(C(C)CCC)C(=O)NC(=O)NC1=O
310.5,O=C(c1ccccc1)c1c(F)c(F)c(F)c(F)c1F
310,CC1(O)CCCC1
390,O=C(O)Cc1ccc(Br)cc1
317,CCOc1ccccc1OCC
455,NC(=O)c1ccc(N)cc1
433,NC(=O)c1ccccc1Br
313,COc1cccc(OC)c1C
372,CC(=O)c1cccc(C#N)c1
292,SCc1ccc(Cl)cc1
345,COC(=O)NN
307,COc1cc(Cl)cc(OC)c1
342.5,Cc1cc(C)c(C)c(CCl)c1C
406,COc1cccc(C(N)=O)c1
365,OCc1ccccc1I
361,CC(=O)Oc1ccc(-c2ccccc2)cc1
492,COC1=CC(=O)C[C@@H](C)[C@]12Oc1c(Cl)c(OC)cc(OC)c1C2=O
493,CCCc1cc(O)nc(S)n1
587,S=c1nc[nH]c2nc[nH]c12
421,C=CCC1(C2C=CCCC2)C(=O)NC(=S)NC1=O
361,CNC(=S)NCO
471,CN1/C(=C(\O)Nc2ccccn2)C(=O)c2ccccc2S1(=O)=O
501,COc1cc(C)c(C=CC(C)=CC=CC(C)=CC(=O)O)c(C)c1C
449,ClC1=C(Cl)[C@]2(Cl)[C@@H]3[C@@H]4C[C@@H]([C@H]5O[C@@H]45)[C@@H]3[C@@]1(Cl)C2(Cl)Cl
415,NC(=O)c1cccc([N+](=O)[O-])c1
284,NCCO
301,OCCNCCO
292.5,OCCN(CCO)CCO
238,ClCCCl
246,OCCCO
267,Cc1cccc(C)n1
251,CCOC(=O)CC#N
309,O=Cc1ccc2c(c1)OCO2
324,Cc1ccc(N)cc1C
272,O=C(Cl)c1ccco1
253,CCOC(=O)CCC(=O)OCC
273,COc1cccc(N)c1
328,CN(C)c1ccc(Br)cc1
237,Cc1ccccc1Cl
246,Cc1ccccc1Br
264,C=CCc1ccc(O)c(OC)c1
275,N#CCCCCC#N
275,COc1ccccc1Br
257,ClC(Cl)c1ccccc1
276,c1ccc(COCc2ccccc2)cc1
282,O=[N+]([O-])c1ccc(F)cc1F
201,ClCCCCCCl
307,CC(=O)c1ccc(Cl)cc1Cl
317,O=Cc1ccc(Cl)c(Cl)c1
229,CCOCCOCCOCC
387.5,COc1cc(C(C)=O)ccc1O
323,COC(=O)c1ccc(OC)cc1
316,CC(C)(O)C(C)(C)O
297,N#CCc1ccccc1Cl
311,COc1ccccc1C=O
291,O=Cc1cccc(Cl)c1
329,O=[N+]([O-])c1cc(Cl)ccc1Cl
329,ClCc1ccccc1CCl
281,CCOC(=O)c1ccc(OC)cc1
220,COCc1ccccc1
294,Clc1ccc(Cl)c(I)c1
399,O=[N+]([O-])c1ccc(Br)cc1
283,Cc1ccc(C)c(Br)c1
426,O=C(O)CC(O)(CC(=O)O)C(=O)O
192,CCC=O
275,CN(C)c1ccccc1
146,CCCO
589.5,Cc1c[nH]c(=O)[nH]c1=O
380,Oc1ccc(Cl)c(O)c1
420,Clc1ccccc1C(c1ccccc1)(c1ccccc1)n1ccnc1
221,BrCBr
424,NC(=O)OCC(COC(N)=O)c1ccccc1
238,COC(F)(F)C(Cl)Cl
433,Cc1ncc([N+](=O)[O-])n1CCO
384,Oc1cccc(O)c1
477.5,COc1cc(NS(=O)(=O)c2ccc(N)cc2)nc(OC)n1
321,CCOC(N)=O
417,O=C(O)c1c(Cl)cccc1Cl
436,C[C@]12CCC(=O)C=C1CC[C@@H]1[C@@H]2CC[C@@]2(C)[C@H]1CC[C@]2(C)O
195,CCCCCO
155,CC(C)Cl
298,CC(C)(C)O
173,CCC(C)(C)C
220.5,CC(=O)C(C)(C)C
186,CCC(C)=O
286,C=CC(=O)O
145,CC(C)C(C)C
226,CC(C)C(=O)O
230,ClC(Cl)C(Cl)Cl
288,Cc1cccc(C)c1[N+](=O)[O-]
435.5,O=C(O)c1ccccc1I
289,CC(C)c1ccccc1O
368,Oc1cccc2ccccc12
291,CCC(=O)c1ccccc1
232,CCOC(=O)C(=O)OCC
352,Cc1cc(C)c(C)cc1C
233,CCC(=O)CC
278,O=[N+]([O-])c1ccccc1
362,O=[N+]([O-])c1cccc([N+](=O)[O-])c1
363,ON=C1CCCCC1
179.5,CCCN(CCC)CCC
174,CCCc1ccccc1
209,CCNc1ccccc1
173,COC=O
179,C=C(C)CC(C)(C)C
146,CC1CCCCC1
228,Clc1ccccc1
224,CCCCN
220,CCCCCCCCC
272,CCCCCCCCN
280,CCCCCCCCCCO
309.7,CCCCCCCCCCCCCCCCCCCC
420,O=C(O)C(c1ccccc1)c1ccccc1
416,O=C(O)CCCCCCC(=O)O
247,CC(C)(C)Cl
367,c1ccc(C(c2ccccc2)c2ccccc2)cc1
136,C=C(C)CC
294,CCCCCCCCCCCCCCCCC
306,CCCCCCCCCCCCCCCCCCC
260,C=CCCCCCCCCCCCC
409,NC1=NCC(c2ccccc2)O1
439,O=C(O)c1cc([N+](=O)[O-])ccc1Cl
329,NCCCCCCO
399,CC(Oc1c(Cl)cccc1Cl)C1=NCCN1
342,COc1ccc(Cl)c(Cl)c1Cl
462,Nc1ncc2ncn(COCCO)c2n1
200,CCC(C)(C)Cl
389,N#CCc1ccc([N+](=O)[O-])cc1
320,COc1cc(C=O)cc(OC)c1
266,O=CC=Cc1ccccc1
417,Nc1cc([N+](=O)[O-])ccc1O
316,Cc1ccc(N)cc1
139,C=CCCl
282,BrC(Br)Br
211,CCOCCOC(C)=O
414,COC(=O)c1ccc(C(=O)OC)cc1
280.5,Cc1ccc(Cl)cc1
317,COc1ccc(C=O)cc1OC
388,Cc1cc(O)cc(C)c1Cl
340,Cc1cc(O)ccc1Cl
235,ClCCCCCl
184,CCCCO
482,CCCSc1ccc2[nH]c(NC(=O)OC)nc2c1
429,CCC1(CCC(C)C)C(=O)NC(=O)NC1=O
414,CNC(=NC#N)NCCSCc1nc[nH]c1C
304,CCCCCCCCCC(=O)O
439,O=C1Nc2ccc(Cl)cc2C(c2ccccc2Cl)=NC1O
343.5,O=Cc1c(Cl)cccc1Cl
454,COc1ccc(C(=O)O)cc1OC
409,O=Cc1ccc(O)cc1O
181,CCC#N
255,NC1CCCCC1
181.5,CCCCC=O
414,O=C(O)c1cccc([N+](=O)[O-])c1
395,Oc1ccc2ccccc2c1
381,c1ccc2c(c1)-c1cccc3cccc-2c13
356,O=C1c2ccccc2-c2ccccc21
447,CCC1(C2=CCCCCC2)C(=O)NC(=O)NC1=O
378,CCNc1nc(NC(C)(C)C)nc(SC)n1
328.5,O=[N+]([O-])c1ccc(Cl)c(Cl)c1Cl
293.5,Cc1ccc(N=C=O)cc1N=C=O
378,Oc1ccccc1O
284,Cc1cccc(O)c1
358,Clc1cc(Cl)c(Cl)c(Cl)c1Cl
419,CC(C)NCC(O)COc1ccc(CC(N)=O)cc1
432,CN(C)C(=O)Nc1ccc(Cl)c(Cl)c1
378,CCCC(C)(COC(N)=O)COC(N)=O
429,COc1ccc2[nH]c(S(=O)Cc3ncc(C)c(OC)c3C)nc2c1
421,CC(C)CCC[C@@H](C)[C@H]1CC[C@H]2[C@@H]3CC=C4C[C@@H](O)CC[C@]4(C)[C@H]3CC[C@]12C
374,c1ccc2c(c1)Cc1ccccc1O2
347,CN(C)c1ccc(C=O)cc1
389,CCOC(=O)c1ccc(O)cc1
455,CC(=O)NS(=O)(=O)c1ccc(N)cc1
444,NNC(=O)c1ccncc1
361,Brc1ccc(Br)cc1
412,Clc1cc(Cl)c(Cl)cc1Cl
278.5,c1ccccc1
387,CC(=O)Nc1ccccc1
366,CC(C(=O)O)c1cccc(C(=O)c2ccccc2)c1
369,CCCOC(=O)c1ccc(O)cc1
395,O=C(O)c1ccccc1
243,SCc1ccccc1
222,O=C1CCC1
422,O=S(=O)(c1ccc(Cl)cc1)c1ccc(Cl)cc1
443,Cc1cc(C)cc(C(=O)O)c1
339,C(CC1CCNCC1)CC1CCNCC1
181,CC(=O)C(C)C
195,CCCC(C)=O
278,CC12CCC(C1)C(C)(C)C2=O
278,ICI
282.4,COc1ccccc1[N+](=O)[O-]
288,Oc1ccccc1F
321,O=C(c1ccccc1)c1ccccc1
314,Oc1ccccc1
154,C=CCCCCC
290,CCCCCCCC(=O)O
442,Cc1cc(C)c(CC(=O)O)c(C)c1
135,CCCC
405,O=C1OC(=O)c2ccccc21
134,C=CBr
425,O=C(O)CCCCC(=O)O
436,OC(c1ccccc1)(c1ccccc1)c1ccccc1
462,Nc1ccc(C(=O)O)cc1
300,O=[N+]([O-])c1ccc(F)c([N+](=O)[O-])c1
300,c1ccc(Oc2ccccc2)cc1
271,Nc1ccc(F)cc1
269,C=CCCCCCCCCCCCCC
278,COc1ccccc1N
328.5,O=C(O)C(F)(F)C(F)(F)C(F)(F)C(F)(F)C(F)(F)C(F)(F)C(F)(F)F
309,N#Cc1ccc(F)cc1
320,OCCCCCCCCCO
320,Nc1ccccc1Oc1ccccc1
326,O=C1C=CC(=O)O1
322,Nc1cccc2ccccc12
328.1,CCCCCCCCCCCCCC(=O)O
339,CCCCCCCCCCCCCCCCCCCCCCCCCCCCCC
343,O=S(c1ccccc1)c1ccccc1
389,CCCC(N)=O
439.2,Nc1ccc(S(N)(=O)=O)cc1
337,COc1ccc(CC#N)cc1OC
285,Cc1ccc(C)cc1
384,C1CSCCS1
361,Cc1csc(S)n1
369.5,O=C(O)CCCC(=O)O
385.8,CN1CCC(=C2c3ccccc3C=Cc3ccccc32)CC1
333,CCCCCCCCCCCCCCCCC(=O)O
318,N#Cc1ccccc1Cl
332,O=[N+]([O-])c1cccc(CBr)c1
255,Clc1ccccc1Cl
256,ClCCBr
243,Cc1cccc(N)c1
460,c1ccc2cc(-c3ccc4ccccc4c3)ccc2c1
421,c1ccc(-c2ncc[nH]2)cc1
460,O=C(O)c1cccc(I)c1
217,O=Cc1ccccc1
473,CCc1nnc(N)s1
330,Oc1cc(Cl)ccc1Oc1ccc(Cl)cc1Cl
306,Cc1ccc2ccccc2c1
236,c1ccc(C2CO2)cc1
257,Fc1ccc(Br)cc1
322,CCCCCCCCCCCCCCCCCCCCCCC
276.9,Fc1c(F)c(F)c(F)c(F)c1F
284,CCOc1cccc(OCC)c1
265.6,FC(F)(F)c1ccccc1Cl
337,O=[N+]([O-])c1cc(Cl)cc(Cl)c1
192,CCOC=O
509.6,O=C(O)c1cccnc1
235,c1ccsc1
129.7,CF
310,COc1ccccc1N1CCNCC1
311.5,CN1CC=C(c2ccccc2)CC1
393,CC(C)(Oc1ccc(Cl)cc1)C(=O)O
506,CC(C)CC(NC(=O)C(O)C(N)Cc1ccccc1)C(=O)O
472,N#Cc1nn(-c2c(Cl)cc(C(F)(F)F)cc2Cl)c(N)c1S(=O)C(F)(F)F
337,COc1ccc(C(=O)c2ccccc2)c(O)c1
415,CCCN(CCC)C(=O)C(CCC(=O)O)NC(=O)c1ccccc1
364.5,CNC(=O)Oc1ccccc1OC(C)C
392,CC(C)(C)NCC(O)c1cc(O)cc(O)c1
471,O=c1ccc2ccccc2[nH]1
274,CC(C)(C)S
385,ClC(c1ccccc1)(c1ccccc1)c1ccccc1
309,N#Cc1cccc2ccccc12
384.5,Nc1ccc2ccccc2c1
363,Brc1ccc(-c2ccccc2)cc1
457,O=C(O)c1ccc2ccccc2c1
309,CCOc1ccc2ccccc2c1
434.5,O=C1CC[C@@H](C(=O)O)N1
405,Cc1cc([N+](=O)[O-])ccc1N
307,CCCCCCCCCCCCCO
436,Cc1occc(=O)c1O
403,Cc1cc(-c2ccc(N)c(C)c2)ccc1N
307,N#CCc1cccc2ccccc12
398,Oc1cc(O)c2ccccc2c1
285,CCCCCCCCCCCCCCCC(=O)OC(C)C
343,c1ccc(CSSCc2ccccc2)cc1
364,C1=Cc2cccc3cccc1c23
377,NNc1cc(Cl)ccc1Cl
468,O=C(O)C1CSCN1
494,O=C(O)c1ccc(C(F)(F)F)cc1
401,O=C(O)c1cccs1
392,CC(C)c1ccc(C(=O)O)cc1
443,O=c1c(O)c(-c2ccccc2)oc2ccccc12
444.5,O=[N+]([O-])c1cccc2cccc([N+](=O)[O-])c12
291,Cc1ccccc1-c1ccccc1C
328,Oc1c(Br)cccc1Br
288,Cc1cnc2ccccc2c1
423,O=C(O)COc1ccccc1Cl
434.5,O=C1C=C(Cl)C(=O)C=C1Cl
434,Oc1ccc(Cc2ccc(O)cc2)cc1
526,COc1ccc(C(=O)O)cc1O
337,[O-][n+]1ccccc1
368,O=Cc1cc2c(cc1[N+](=O)[O-])OCO2
316,CCOC(=O)Cc1c[nH]c2ccccc12
439,O=C1OC(=O)C2C3C=CC(C3)C12
339,O=P(O)(Oc1ccccc1)Oc1ccccc1
362,O=C1C=CC(=O)N1c1ccccc1
406.5,CN(C)C(=O)C(c1ccccc1)c1ccccc1
374,Oc1ccc(O)c(-c2ccccc2)c1
457,COc1cc(OC)cc(C(=O)O)c1
385,Brc1ccc2c(c1)Cc1ccccc1-2
342,COC(=O)c1cccc(C(=O)OC)c1
425,Nc1c(Br)cc([N+](=O)[O-])cc1[N+](=O)[O-]
382,Oc1ccc2[nH]ccc2c1
391,COC(=O)c1ccc(O)cc1O
467,ON=C1c2ccccc2-c2ccccc21
332,O=C(O)CCCCc1ccccc1
370,CCc1ccc(O)cc1O
285,CC(=O)CCCC(=O)O
421,O=C(O)c1cccc(Oc2ccccc2)c1
322,Oc1ccc(Br)cc1Cl
317.5,COc1cccc(C#N)c1OC
366,c1ccc(CN(Cc2ccccc2)Cc2ccccc2)cc1
331,COc1cc(N)ccc1C
481,O=C1OCc2c(Cl)c(Cl)c(Cl)c(Cl)c21
365,c1csc(-c2ccc(-c3cccs3)s2)c1
369,C[Si]1(C)N[Si](C)(C)N[Si](C)(C)N[Si](C)(C)N1
344,COc1ccc(OC)c([N+](=O)[O-])c1
291,O=C(Cl)c1ccc(Cl)cc1Cl
446,CC(CCC(=O)O)(c1ccc(O)cc1)c1ccc(O)cc1
369,Nc1ccc(F)c([N+](=O)[O-])c1
289,N#Cc1cccc(C(F)(F)F)c1
351,OCC(F)(F)C(F)(F)C(F)(F)CO
237,C=Cc1ccc(F)cc1
549,O=c1cn[nH]c(=O)[nH]1
311,O=C1CCOc2ccccc21
332,COc1ccccc1OC(=O)c1ccccc1
374,COc1ccc2c(c1OC)C(=O)OC2
455,Oc1ccc2cccc(O)c2c1
345,CCS(=O)(=O)CC
371,CCC(=O)c1cc(O)ccc1O
354,CCCCCCn1c(=O)c2c(ncn2C)n(C)c1=O
420,CCCCOc1ccc(C(=O)O)cc1
340,CCOC(=O)C(=O)Nc1ccccc1
285,C[Si](C)(C)[Si](C)(C)C
317,Cc1csc(N)n1
400,O=C(O)CCCCCCCCCCCCCCCCCCC(=O)O
319,Cc1ccc(C(=O)c2ccccc2)cc1C
432,On1nnc2ccccc21
386.5,CC(C)(C)C1=CC(=O)C(=O)C(C(C)(C)C)=C1
317,CCCC(=O)NN
332,COc1ccc(CCCC(=O)O)cc1
299,CC(=O)c1ccc(C)s1
348,Cc1n[nH]cc1Br
448,Nc1ccc2[nH]ncc2c1
311,Oc1c(F)cccc1F
340,O=C(c1ccccc1)C(Cl)c1ccccc1
449,CC1(C)OC(=O)CC1C(=O)O
334.5,CCP(=O)(O)O
323,C=C(C(=O)O)C(F)(F)F
444,O=C(O)C(=Cc1ccccc1)c1ccccc1
493,Cc1n[nH]c(=S)[nH]c1=O
411.5,Nc1ccc(N)c([N+](=O)[O-])c1
573,O=c1c(-c2ccc(O)cc2)coc2cc(O)cc(O)c12
560,O=c1cc(-c2ccccc2)oc2cc(O)cc(O)c12
370.5,COP(=O)(OC)OC(=CCl)c1cc(Cl)c(Cl)cc1Cl
309.5,ON=Cc1ccccc1
352,CCCCCCCCC=CCCCCCCCCCCCC(N)=O
467,O=C(O)c1cc2ccccc2o1
285,CC(=O)c1cccnc1
332,CN(C)c1cccc([N+](=O)[O-])c1
477,Cc1cc2nc[nH]c2cc1C
335.5,CCCCCCCCCCCCCCCC(=O)O
423,COc1ccc2c(c1)c(CC(=O)OCC(=O)O)c(C)n2C(=O)c1ccc(Cl)cc1
454,Oc1c(Cl)cc(Cl)c2cccnc12
395.5,C=C(CC)C(=O)c1ccc(OCC(=O)O)c(Cl)c1Cl
317,CCN1C(=O)C=CC1=O
354,O=C(O)CI
443,Cc1ccc(S(=O)(=O)NC(=O)NN2CCCCCC2)cc1
323,O=C(CBr)c1ccccc1
306,C#CC1(O)CCCCC1
355,O=C(c1ccccc1)c1ccc(Br)cc1
438,CC(C)(C)c1ccc(C(=O)O)cc1
393,N#CCC(N)=O
528.5,O=C1OC(=O)c2c(Cl)c(Cl)c(Cl)c(Cl)c21
396,O=C(O)CCCc1c[nH]c2ccccc12
349,O=C(c1ccccc1)c1ccc(Cl)cc1
393,Nc1cccc(N)n1
184,Cc1ccco1
391,OCc1ccc(CO)cc1
490,Oc1ccc2ccccc2c1-c1c(O)ccc2ccccc12
343,Cc1ccc(OC(=O)c2ccccc2)cc1
404,Ic1ccc(I)cc1
406,CN(C)C1=NC(=O)C(c2ccccc2)O1
457,Cc1cc[n+]([O-])cc1
415,C=Cc1ccc(C(=O)O)cc1
471,NC(=O)c1c(Cl)cccc1Cl
467,CC(=O)Oc1ccc(C(=O)O)cc1
306.5,COc1ccc(N)c(OC)c1
373,O=C(O)COc1ccccc1
387,CCOC(=O)Nc1ccc(NCc2ccc(F)cc2)nc1N
375,N#Cc1ccc(C=O)cc1
279,O=C(CO)c1ccccc1
305,O=[N+]([O-])c1cccc(CO)c1
361.5,CC(C)(C)OC(=O)NCC(=O)O
441.5,Nc1cc(Cl)c(O)c(Cl)c1
326,Nc1ccc(C2CCCCC2)cc1
306,C[C@H](O)[C@@H](C)O
275,ClCC=CCCl
438,COc1ccc(C(N)=O)cc1
354.5,Oc1cccc(Nc2ccccc2)c1
462,Nc1ccc(O)cc1
450,Nc1ccc(S(=O)(=O)c2ccc(N)cc2)cc1
343,CCN(CC)C(=S)SSC(=S)N(CC)CC
198,C=CC(=O)OC
304,O=C(O)C1CCCCC1
387,Nc1cccc([N+](=O)[O-])c1
266,CC(=O)CCC(C)=O
362.5,Cc1ccc(N)c(N)c1
216,CCCCC(C)=O
507,Nc1ncnc2c1ncn2[C@@H]1O[C@H](CO)[C@@H](O)[C@H]1O
330,O=C(O)C(Cl)(Cl)Cl
336,O=C(O)CCl
374.5,Nc1ccccc1N
310,O=[N+]([O-])c1cccc(I)c1
302,Cc1ccc(C#N)cc1
456.5,COc1ccc(C(=O)O)cc1
307.5,C(=NC1CCCCC1)=NC1CCCCC1
419,Cn1ccnc1S
463,NC(=O)N1c2ccccc2C=Cc2ccccc21
292,CC(=O)c1ccccc1
317,N#CN
368,c1cc2c3c(cccc3c1)CC2
276,CCOc1ccc(N)cc1
297,NCCN1CCOCC1
337,Clc1cc(Cl)cc(Cl)c1
362,O=Cc1cccc(C=O)c1
364,Cn1c2ccccc2c2ccccc21
414,C=CCC1(C(C)C)C(=O)NC(=O)NC1=O
383,Clc1ccc(C(c2ccc(Cl)cc2)C(Cl)(Cl)Cl)cc1
241,C1CC[C@H]2CCCC[C@@H]2C1
371,CCOC(=O)C(NC(C)=O)C(=O)OCC
329,C#CCCC(=O)O
356,OCCCCCCCCCCCCO
180,CC(C)[N+](=O)[O-]
387,O=C1C=CC(=O)C=C1
213.5,CC(C)(C)c1ccccc1
501.25,Cc1nnc2n1-c1ccc(Cl)cc1C(c1ccccc1)=NC2
140.4,CC1CC(C)C(C)C1
345,Cc1ccc2cccc(O)c2n1
329,ON=C1CCCC1
309,Cc1c(Cl)cccc1[N+](=O)[O-]
333,COC(=O)c1ccc(OC)c(OC)c1
309,ClCc1cccc(CCl)c1
318,CCCCCCCCCCCC(=O)O
270,CC(=O)C(C)=O
248,FC(F)(F)C(F)(F)C(F)(F)C(F)(F)C(F)(F)C(F)(F)C(F)(F)C(F)(F)F
451,CC1(C)[C@@H]2CC[C@@]1(C)C(=O)C2
463,O=C(CCCN1CCC2(CC1)C(=O)NCN2c1ccccc1)c1ccc(F)cc1
402,O=C(O)CCc1ccc(O)cc1
431,Oc1c(I)cc(I)cc1I
289,OCCN1CCCCC1
303,COC(=O)CCCCCCCCCCC(=O)OC
272,C1CCC(NC2CCCCC2)CC1
152,CS
363,CC1(C)COC(=O)C1O
337,O=C(O)CC[N+](=O)[O-]
443,NC(=O)c1ccc([N+](=O)[O-])cc1Cl
430,COC(=O)c1c(Cl)c(Cl)c(C(=O)OC)c(Cl)c1Cl
372,c1ccc2c(c1)sc1ccccc12
455,NC(=O)c1cc([N+](=O)[O-])cc([N+](=O)[O-])c1
341,CC(C)(C)NCC(O)COc1ccccc1C1CCCC1
501,CCNc1nc(Cl)nc(NCC)n1
426,CC12CCC(=O)C=C1CCC1C2CCC2(C)C(O)CCC12
431,c1ccc2cc3c(ccc4ccccc43)cc2c1
413,O=c1[nH]c2ccccc2o1
369,NCCS
352,OCC(Br)(Br)Br
449,CC1(C)NC(=O)NC1=O
365,O=S(=O)(c1ccccc1)c1ccc(Cl)cc1
313,O=C1CCc2ccccc21
348,O=C(Oc1ccccc1)c1ccccc1C(=O)Oc1ccccc1
402,O=C(O)c1ccccc1C(=O)c1ccccc1
426,Cc1ccc(O)c(C(=O)O)c1
417,CC(=O)c1ccc(O)cc1O
292,Cc1ccccc1CBr
437,Oc1cc2ccccc2cc1O
345,c1ccc(-c2cnc(-c3ccccc3)o2)cc1
313,Cc1ccc2sc(C)nc2c1
450,Cc1ccccc1NC(=N)Nc1ccccc1C
462,Nc1c(Cl)cc([N+](=O)[O-])cc1Cl
300,C=Cc1ccc([N+](=O)[O-])cc1
331,CCOc1ccc([N+](=O)[O-])cc1
300,N#Cc1ccccn1
388,CC(Oc1cccc(Cl)c1)C(=O)O
353,OCC(O)COc1ccc(Cl)cc1
312,O=C(O)CCCl
404,O=C(O)CCSCCC(=O)O
308,CCCCCCCCCCCCCCCCCC(=O)OCC
481,Nc1cccc2ccc(O)cc12
285,Cc1nc2ccccc2s1
482,O=C1c2ccccc2C(=O)c2cc(Cl)ccc21
419,O=C(c1ccccc1)c1ccc(O)cc1O
405,O=C(Oc1cccc(O)c1)c1ccccc1
297,c1ccc(CNCCNCc2ccccc2)cc1
389,c1cc2c3c(c1)ccc1cccc(c13)C2
323,c1ccc2c(c1)ccc1cccnc12
425,CC(=O)Nc1ccc(F)cc1
392,O=[N+]([O-])c1ccc(O)c(F)c1
382,O=C(O)c1ccccc1C(F)(F)F
306,Cc1ccc(N)cc1F
372,Cc1cccc2c1ccc1cc(C(C)C)ccc12
360,CCCCCCCCCCCCCCCCCC(=O)CCCCCCCCCCCCCCCCC
444,CC(=O)c1ccc(O)c(O)c1O
360,CC(=O)Nc1ccccc1Cl
365,O=C1C=CC(=O)N1
365,CC(=O)Nc1ccccc1[N+](=O)[O-]
360,COc1ccccc1OC(=O)Oc1ccccc1OC
353,Cc1cccc2c(C)cccc12
381,O=C(O)COc1cccc(Cl)c1
368,CCCCNC(N)=O
190,C=CCSCC=C
363,Cc1c(N)cccc1[N+](=O)[O-]
345,CN(C)c1cccc2c(S(=O)(=O)Cl)cccc12
361,O=[N+]([O-])c1cccc2cccnc12
428,O=C(O)c1cc(Br)ccc1Br
381,Nc1cccc2ncccc12
309,Clc1ccc2ccccc2n1
280,Cc1cccc(-c2cccc(C)c2)c1
434,Nc1cc([N+](=O)[O-])cc([N+](=O)[O-])c1
520,O=Cc1ccc(C(=O)O)cc1
403,O=C(O)Cc1cccc(O)c1
330,NNC=O
290,CC(C)(C)C#N
238,CC(C)CCC(=O)O
328,Cc1ccc([N+](=O)[O-])c(O)c1
354,CC(C)(C(=O)O)c1ccccc1
411,Cc1ccc2cccc([N+](=O)[O-])c2n1
333,c1ccc(SSc2ccccc2)cc1
329,Oc1c(Cl)ccc(Cl)c1Cl
407,Cc1cc(=O)cc(C)o1
367,CNc1ccc(Cl)cc1C(=O)c1ccccc1
336,C=Cn1c2ccccc2c2ccccc21
405.5,CCCCCCCCCCCC[N+](C)(C)[O-]
275,CCCCCCCCCC(C)O
298,CCCCCCCCCCCC(C)O
343,COc1cccc(CC(=O)O)c1
311,OCc1ccc(Cl)c(Cl)c1
316,Cc1cccc(N)n1
170,CCCC#CCCC
356,COc1ccc(O)cc1OC
291,Clc1cccc(-c2ccccc2)c1
454,CC(=O)Nc1c(C)cccc1C
359,Clc1cccc(Cl)n1
376,CCCCCCCCOc1ccc(C(=O)O)cc1
426,Oc1ccc(Sc2ccc(O)cc2)cc1
305,CCCCCCCCCCCCCCCCCCS
294,CCCCCCCCCCCCCCCCS
499,O=C(O)c1cc(Br)cc(Br)c1O
442,O=C(O)c1ccc(O)c(Cl)c1
355,Cc1c(Br)cc(Br)c(O)c1Br
501,NNC(=O)c1ccc(N)cc1
441,NNC(=O)c1ccc(Br)cc1
509,O=S(=O)([O-])CCN1CC[NH+](CCO)CC1
343,O=C(c1ccccc1)c1ccncc1
427,O=S1(=O)CCN(CN2CCS(=O)(=O)NC2)CN1
321,O=C=Nc1cccc(N=C=O)c1
421,O=C1CCC(=O)N1Cl
478,CC(=O)Nc1ccc(C#N)cc1
331,Clc1cccc(Br)c1Cl
323,N#CCCC(Br)(C#N)CBr
348,Sc1ccc(Br)cc1
319,CCC(=O)c1ccc(Br)cc1
354,Brc1ccc(Br)c2ccccc12
338,O=C(c1ccc(Cl)cc1)c1ccccc1Cl
391,O=C(Oc1cccc(OC(=O)c2ccccc2)c1)c1ccccc1
490,OB(O)c1ccccc1
388,Oc1cc(O)c(Cl)cc1Cl
431,O=C(O)c1c(F)cccc1Cl
389,NC(=O)c1ccccc1F
458,Cc1cc(N)nc(C)n1
313,O=C(Cl)c1ccc(Br)cc1
430,Cc1ccc(S(=O)(=O)c2ccc(C)cc2)cc1
483,O=C(O)c1cccc([N+](=O)[O-])c1C(=O)O
381,O=[N+]([O-])c1cccc2cnccc12
301,CCOC(=O)c1ccccc1[N+](=O)[O-]
476,Oc1ccnc2ccccc12
337,OCc1ccccc1CO
309,C=C(CC(=O)OC)C(=O)OC
365,CCOC(=O)c1cc([N+](=O)[O-])cc([N+](=O)[O-])c1
348,BrCc1cccc(CBr)c1
328,CCCCCCCCCCCCCCCCCC(C)=O
462,O=C(O)COc1ccccc1C(=O)O
379,CCCCCCCCCCCCCC(N)=O
372,CC(=O)c1ccc2ccccc2c1O
349,OCc1ccc(Br)cc1
486,Cc1n[nH]c(=O)[nH]c1=O
459,O=C1OC(=O)c2cc(Cl)c(Cl)cc21
436,CC(C)(C)c1ccc(O)c(N)c1
491,c1ccc(-c2ccnc3c2ccc2c(-c4ccccc4)ccnc23)cc1
310,CCOc1ccc(C(C)=O)cc1
461,CC(C)(C)c1cc(C=O)cc(C(C)(C)C)c1O
433,Oc1ccc(C(c2ccc(O)cc2)(C(F)(F)F)C(F)(F)F)cc1
265,O=[N+]([O-])c1ccccc1F
392,c1ccc(P(CP(c2ccccc2)c2ccccc2)c2ccccc2)cc1
371,Oc1cccc2[nH]ccc12
489,Nc1cc(C(=O)O)ccc1Cl
505,Cc1nc(-c2ccc(-c3nc(C)c(-c4ccccc4)o3)cc2)oc1-c1ccccc1
300,Brc1cc(Br)c(Br)s1
344,c1ccc(Cn2ccnc2)cc1
326,COc1cccc([N+](=O)[O-])c1C
342,COC(=O)c1cc(Cl)ccc1N
365,COc1cccc(C(=O)NN)c1
366,Nc1cccc(CO)c1
337,N#Cc1cc(Cl)cc(Cl)c1
303,O=S(=O)(Cl)c1cccs1
414,OC1C2CCC(C2)C1O
298,C#CC1(O)CCCC1
377,OCC1c2ccccc2-c2ccccc21
304,FC(F)(F)c1ccc(Cl)nc1
303,CCOC(=O)C(=Cc1ccccc1)C(=O)OCC
336,Cc1nnc(C)s1
260,CC(C)C(O)C(C)(C)C
383,CCN1CCNC(=O)C1=O
348,O=[N+]([O-])c1cc(F)ccc1O
419,O=C(CCC(=O)c1ccccc1)c1ccccc1
503,O=C(O)CCCC[C@@H]1SC[C@@H]2NC(=O)N[C@@H]21
416,O=C1OCc2ccc([N+](=O)[O-])cc21
329,O=Cc1cccc(I)c1
472,CC(C)(C)c1ccc2oc(-c3ccc(-c4nc5cc(C(C)(C)C)ccc5o4)s3)nc2c1
328,CCOC(=O)c1csc(C)n1
399,O=C1Cc2ccccc2N1
298,CCCC#CC(=O)O
435,O=C(O)c1cccc(F)c1F
451,CC1(C)[C@H]2CC[C@]1(C)C(=O)C2
444,O=C(O)[C@H](O)[C@@H](O)C(=O)O
414,O=C(O)c1c(F)cc(F)cc1F
429,NNC(=O)c1cccc(Br)c1
371,O=C(O)c1cc(F)c(F)cc1F
352,N#Cc1c(F)c(F)c(F)c(C#N)c1F
349,COc1cc(/C=C/CO)ccc1O
339,CCCCNC(=S)NCCCC
434,CCCOC1CCC2(C)C(CC(=O)C3C2CCC2(C)C(OCCC)CCC32)C1
355,O=C[C@H](O)[C@H](O)[C@H](O)CO
403,O=[N+]([O-])c1ccc(C=NO)cc1
400,O=C(/C=N/O)c1ccccc1
429,Cc1ccc(NC(=O)c2ccccc2)cc1
405,Oc1ccc2ccccc2c1/N=N/c1ccccc1
257,OCCCCCO
343,c1ccc(-c2ccccn2)nc1
384,CC(=O)C1C(=O)C=C(C)OC1=O
330,CCCCCCCCCCCCCCCCCC(=O)OC[C@@H](O)[C@H]1OC[C@H](O)[C@H]1O
386,c1cc(-c2ccncc2)ccn1
303,c1ccc2nccnc2c1
327,O=[N+]([O-])c1cccc(Br)c1
329,O=Cc1cc(Cl)ccc1Cl
359,O=[N+]([O-])c1cccc([N+](=O)[O-])c1Cl
377,ClC1=C(Cl)C2(Cl)C3C(Cl)C(Cl)CC3C1(Cl)C2(Cl)Cl
479,O=C(O)c1cccc(O)c1O
330,Oc1cc(Cl)ccc1Cl
345,OCc1cccc(O)c1
377,O=C(O)CCCCCC(=O)O
429,O=C(O)c1cccc(Cl)c1
403,O=C(O)CC(O)C(=O)O
349,Oc1cccc2cccnc12
533.5,CC(=O)Nc1nnc(S(N)(=O)=O)s1
380,Cc1c(N)c(=O)n(-c2ccccc2)n1C
454,O=C1c2c(O)cccc2Cc2cccc(O)c21
491,CC(C)(C)c1cc(O)c(C(C)(C)C)cc1O
358,OCc1ccccc1O
459,O=C(O)c1cc(Cl)cc(Cl)c1
218,ClC(Cl)Br
375,CCC1(CC)C(=O)CCNC1=O
155,CC(C)CBr
188,CC(C)CN
238,ClCC(Cl)Cl
303,COc1ccccc1-c1ccccc1
457,CC(=O)Nc1ccccc1C(=O)O
360,O=[N+]([O-])c1cc(Cl)ccc1O
429.5,O=C1c2ccccc2Cc2ccccc21
393,CC(=O)c1ccc(-c2ccccc2)cc1
347,COc1ccc2ccccc2c1
431,O=C(O)c1ccc2ccccc2n1
303,c1ccc2sccc2c1
370,Cc1ccc(N)cc1N
327.5,CC(C)(C)c1ccc(O)c(C(C)(C)C)c1
424,NS(=O)(=O)c1ccccc1
446,Nc1cccc(C(=O)O)c1
380.5,Cc1ccc([N+](=O)[O-])cc1N
382,O=C(CBr)c1ccc(Br)cc1
296,c1ccc(OP(Oc2ccccc2)Oc2ccccc2)cc1
289,C=CCCCCCCCCCCCCCCCC
370,O=Cc1ccccc1C(=O)O
348,O=C(Cl)c1ccc([N+](=O)[O-])cc1
427,O=Cc1ccc(O)c(O)c1
328,c1cnccn1
309,CN[C@@H](C)[C@H](O)c1ccccc1
453,CC(CN1CCOCC1)C(C(=O)N1CCCC1)(c1ccccc1)c1ccccc1
495,O=C1CNC(=O)N1
427,Cc1cc(C)c(C(=O)O)c(C)c1
304,Cc1ccc(S)c(S)c1
331,S=C=Nc1cccc2ccccc12
482,CC(=O)c1ccc(C(=O)O)cc1
341,Oc1cc(Cl)cc(Cl)c1
391,Cc1c(O)cccc1O
407,Cc1ccc(C)c(C(=O)O)c1
345,O=[N+]([O-])c1ccccc1CO
351,Nc1ccc(Br)cc1Br
320,O=[N+]([O-])c1cccc(CCl)c1
352,COC(=O)c1ccc(Br)cc1
419,CC(=O)Nc1cccc(O)c1
326,Nc1cc(Cl)cc(Cl)c1
215,CCCCCCCBr
227,CCCCCCCCI
312,CCCCCCCCCCCCCCCCCCCCC
346,O=Cc1ccc(Cl)cc1Cl
392,c1ccc2c3c([nH]c2c1)CCCC3
448,N#Cc1c2ccccc2cc2ccccc12
385,Ic1ccc(-c2ccccc2)cc1
389,Nc1ccc2ccc3cccc4ccc1c2c34
349,OC1CCCCCCCCCCC1
292,CCCCCCCCCCC(C)=O
352,Cc1cc(N)ccc1Br
344,N#CCc1ccc(O)cc1
251,ClC(Br)Br
279,Cc1cccc(Cl)c1Cl
345,OCCCCCCCCCCO
380,O=C(Oc1ccc2ccccc2c1)c1ccccc1
288,CC(C)(C)c1ccc(N)cc1
303,Cc1cncnc1
368,ClCC(CCl)(CCl)CCl
349,Cc1ccc([N+](=O)[O-])cc1Br
359,CC(Br)C(Br)C(=O)O
427,COc1ccccc1-c1ccccc1OC
452,Sc1nc2ccccc2s1
429,CC(=O)Nc1ccc(Cl)cc1F
402,Sc1ccccn1
472,Nc1ccc([N+](=O)[O-])cc1N
487.5,CC(=O)O[C@H]1C(=O)[C@@]2(C)[C@H]([C@H](OC(=O)c3ccccc3)[C@]3(O)C[C@H](OC(=O)[C@H](O)[C@@H](NC(=O)c4ccccc4)c4ccccc4)C(C)=C1C3(C)C)[C@]1(OC(C)=O)CO[C@@H]1C[C@@H]2O
255,CCOC(=O)CCCCC(=O)OCC
292,CC(=O)c1ccc(Cl)cc1
557,O=C1c2ccccc2C(=O)c2ccccc21
338,Nc1cccc(N)c1
230,ClCc1ccccc1
294,O=[N+]([O-])c1ccc(F)cc1
231,N#CC(Cl)(Cl)Cl
344,Cc1cc(C)c(Br)cc1C
307,N#CCC#N
299,COc1ccc(CO)cc1
394,Nc1c(Br)cc(Br)cc1Br
210,O=C(OC(=O)C(F)(F)F)C(F)(F)F
329,N#CCCC#N
343,CCOc1ccc(OCC)cc1
297,Nc1cccc(Cl)c1Cl
295,O=Cc1ccccc1Br
324,COc1ccc(C(C)=O)cc1OC
354,CC(N)=O
180,Cc1ccccc1
417,N#Cc1c(Cl)cccc1Cl
545,NS(=O)(=O)c1cc2c(cc1C(F)(F)F)NCNS2(=O)=O
183,CC(C)O
449,Nc1ccccc1O
176,ClCCl
323,C=C1C2CCC(C2)C1(C)C
389.5,Nc1ccc(Cl)cc1[N+](=O)[O-]
303.5,Cc1ccc([N+](=O)[O-])cc1C
344,O=[N+]([O-])c1ccc(CCl)cc1
234,CCCCC(=O)CC
213,CCCCNCCCC
297,CCCCCCCCCCCCO
334,C1CCCCCCCCCCC1
365,Oc1ccc(I)cc1
372,COc1ccccc1C(=O)O
398,Nc1cccc(O)c1
498.5,N#Cc1ccc(C#N)cc1
389,O=Cc1ccc(C=O)cc1
357,COC(=O)c1cc(OC)c(OC)c(OC)c1
315,CC(C)[C@@H]1CC[C@@H](C)C[C@H]1O
351,Clc1cc(Cl)c(-c2ccccc2)cc1Cl
351,COC(=O)c1cccc([N+](=O)[O-])c1
331,CC(=O)c1ccc(C#N)cc1
318,N#CCc1ccc(N)cc1
428,COc1ccc2cc([C@H](C)C(=O)O)ccc2c1
294,C/C=C/c1ccc(OC)cc1
274,CCOC(=O)/C=C/C(=O)OCC
405,Oc1cccc(O)c1O
372,CC(C)(C)c1ccc(O)cc1
285,OCCOc1ccccc1
264,COC(=O)c1ccccc1O
270,BrCc1ccccc1
345,Nc1ccccc1[N+](=O)[O-]
305,O=[N+]([O-])c1ccccc1Cl
230,CCOC(=O)CC(C)=O
330,COc1ccc(N)cc1
321,Nc1cc(Cl)ccc1Cl
272,COc1ccc(C=O)cc1
286,CCOC(=O)c1ccccc1N
314,CC(=O)/C=C/c1ccccc1
341.5,c1ccc(N=Nc2ccccc2)cc1
411,C=CCC1(CC(C)C)C(=O)NC(=O)NC1=O
556,Oc1ncc(F)c(O)n1
380,CCCCC1C(=O)N(c2ccccc2)N(c2ccccc2)C1=O
443,CC(C)NCC(O)COc1cccc2[nH]ccc12
463,Nc1ccc(S(=O)(=O)Nc2ccccn2)cc1
405,CN(C)C(=O)Nc1ccccc1
238,C=CCCCCCCCCCC
419,O=C(O)c1ccccc1[N+](=O)[O-]
357,N#CCc1ccccc1[N+](=O)[O-]
377,COC(=O)/C=C/C(=O)OC
349,Cc1ccc(C)c(O)c1
440,Oc1ccc(-c2ccccc2)cc1
432,COc1ccc2c(c1)c(CC(=O)O)c(C)n2C(=O)c1ccc(Cl)cc1
340,Oc1ccc(Cl)c(Cl)c1
329,COc1ccc(O)cc1
430,O=C(O)c1cccc(Br)c1
326,c1ccc(Nc2ccccc2)cc1
395,Brc1cc(Br)cc(Br)c1
406,O=C(O)/C=C/c1ccccc1
306,Oc1cccc(Cl)c1
449,CCC1(c2ccccc2)C(=O)NC(=O)NC1=O
415,NC(=O)c1ccccc1O
342,c1ccc(-c2ccccc2)cc1
317,O=[N+]([O-])c1ccccc1O
374,c1ccc2c(c1)ccc1ccccc12
337,CCCCCCCCCCCCCCCCCCCCO
460,CC1(C(=O)O)CCC(C(=O)O)C1(C)C
278,Brc1ccccc1Br
246,FC(F)(F)c1ccccc1
237,O=Cc1ccco1
270,CCCCCC(=O)O
192,C=CCCCCCCC
481,NC(=O)c1cccc2ccccc12
279,C=C(c1ccccc1)c1ccccc1
244,CC=Cc1ccccc1
263,CCOC(=O)C=CC(=O)OCC
267,OCCOCCOCCOCCO
326,O=c1cccccc1O
233,Fc1ccccc1
308,Oc1c(F)c(F)c(F)c(F)c1F
339,CCCCCCCCCCCCCCCCCCCCCCCCCCCCC
325,COC(=O)C(=O)OC
329,Cc1ccc([N+](=O)[O-])c([N+](=O)[O-])c1
308,CCC(=O)c1ccc(Cl)cc1
325,N#Cc1cccc(N)c1
334,CC(C)c1ccc(O)cc1
274,CC(C)C(=O)c1ccccc1
278,c1ccc(C2CCCCC2)cc1
283,CCCCCCCCC(=O)O
281,COC(=O)CCCCC(=O)OC
141,CC[SiH2]CC
443,COc1cc(C(=O)O)cc(OC)c1OC
471,CN1C(C(=O)Nc2ccccn2)=C(O)c2ccccc2S1(=O)=O
326,Clc1cccc(Cl)c1Cl
264,Cc1cncc(C)c1
283,c1ccc(Cc2ccncc2)cc1
160,CC/C=C/CC
454,Cc1ccc(C(=O)O)cc1
361,CC(=O)NO
352,CC1(C)OC(=O)NC1=O
437,Oc1c(Cl)cc(Cl)c(Cl)c1Cc1c(O)c(Cl)cc(Cl)c1Cl
461,OC[C@H]1O[C@@](CO)(O[C@H]2O[C@H](CO)[C@@H](O)[C@H](O)[C@H]2O)[C@@H](O)[C@@H]1O
367,Cl[Si](c1ccccc1)(c1ccccc1)c1ccccc1
418,O=C(c1ccc(Cl)cc1)c1ccc(Cl)cc1
493,O=C(O)c1cc2ccccc2cc1O
505,O=C(O)c1cc([N+](=O)[O-])ccc1O
217,CC(C)C(=O)OC(=O)C(C)C
354,O=C(Cl)c1ccc(C(=O)Cl)cc1
417,c1ccc(N=C(Nc2ccccc2)Nc2ccccc2)cc1
480,O=NN1CN2CN(C1)CN(N=O)C2
363,Nc1ccc(Cc2ccc(N)cc2)cc1
283,c1ccc(Cc2ccccn2)cc1
398,Nc1ncccn1
315,CC(O)CNCC(C)O
307,Cc1ccc(O)c([N+](=O)[O-])c1
332.5,c1ccc2c(c1)Oc1ccccc1S2
397,O=C(O)c1ccccc1F
376,O=C1CCCC(=O)C1
411,O=C(c1ccco1)C(O)c1ccco1
299,COc1ccc(Cl)cc1Cl
367,Nc1cnc2ccccc2c1
397,O=C1CCC(=O)N1
333,O=C(O)CCBr
317,O=[N+]([O-])c1cccs1
309.5,Cc1ccc2cccnc2c1
383,CCNC(=O)NCC
335,CCCCCCCCCCCCCCCCCCCCCCCCCCCC
343,CCCCCCCCCCCCCCCCCCCCCCO
310,O=C1CCCCN1
314,c1ccc(CSc2ccccc2)cc1
373,OC1CCCCC1O
304,Cc1cccnc1N
331,S=C=Nc1ccc(Br)cc1
328,C=CC(=O)NC(C)(C)CC(C)=O
323,CC1(C)CC(C)(c2ccccc2)c2ccccc21
374,CC(C)(CC(=O)O)CC(=O)O
323,COc1ccc(N)cc1Cl
301,Clc1sc(Cl)c(Cl)c1Cl
541,Cc1ccc2c(c1[N+](=O)[O-])C(=O)c1ccccc1C2=O
351,OCc1cc(Cl)cc(Cl)c1
268,O=C(Cl)CCCCCCCCC(=O)Cl
364,CN(C)Cc1cc(C(C)(C)C)c(O)c(C(C)(C)C)c1
314,C1CNCCNC1
367,Cc1ccc(C(=O)c2ccc(C)cc2)cc1
451,CNC(=O)NC(C)=O
370,COc1ccc(C(=O)OC(=O)c2ccc(OC)cc2)cc1
346,COC(=O)c1cc2ccccc2cc1O
467,O=[N+]([O-])c1ccccc1SSc1ccccc1[N+](=O)[O-]
339,C=C(C)c1ccc(C(=C)C)cc1
388,Brc1sc(Br)c(Br)c1Br
316,CC(=O)O[Si](C)(OC(C)=O)OC(C)=O
327,Clc1cncc(Cl)n1
347,COc1ccc([N+](=O)[O-])c(OC)c1
352.5,C[C@H](NC(=O)OC(C)(C)C)C(=O)O
343,O=[N+]([O-])c1cc(Cl)c(Cl)c(Cl)c1
308,Nc1ccc2c(c1)CCC2
320,COC(C(=O)c1ccccc1)c1ccccc1
362.5,CC(=O)OC[C@H]1O[C@H](Br)[C@H](OC(C)=O)[C@@H](OC(C)=O)[C@@H]1OC(C)=O
307,O=Cc1ccc(CO)o1
340,C[Si](c1ccccc1)(c1ccccc1)c1ccccc1
353,COc1ccc(OC)c(N)c1
367,Nc1cc(Cl)c(Cl)cc1Cl
415,BrCc1ccc(CBr)cc1
411,O=C(O)COc1ccc(Cl)cc1Cl
388,NC(=O)c1cccc(N)c1
354,COc1ccccc1OCC(O)CO
434,O=C(O)CCc1nc(-c2ccccc2)c(-c2ccccc2)o1
330.5,C1CCc2nnnn2CC1
307,CCOS(=O)(=O)c1ccc(C)cc1
328,COc1cccc(OC)c1O
381,CC(=O)c1ccc(O)cc1
484.5,COc1cc(C(=O)O)ccc1O
453.5,CN(C)c1ccc(/N=N/c2ccccc2C(=O)O)cc1
478,COc1cc(C(=O)O)cc(OC)c1O
328,O=C(CCl)c1ccccc1
340,CC(C)=CC(=O)O
319,O=Cc1ccccc1[N+](=O)[O-]
334,Cc1ccc(CO)cc1
331,Brc1ccc(Oc2ccc(Br)cc2)cc1
309.5,CC(C)(C)c1cccc(C(C)(C)C)c1O
428,O=C1OC2(OC=C(c3ccccc3)C2=O)c2ccccc21
354,N#CCC(=O)c1ccccc1
304,Cc1ccc(Cl)c(N)c1
343,CC1=CC(=O)C=C(C)C1=O
389,CC(=O)c1ccccc1C(=O)O
367,O=[N+]([O-])c1ccc(CO)cc1
503,COc1ccc([C@@H]2CC(=O)c3c(O)cc(O)cc3O2)cc1O
297,C=Cc1ccc(N)cc1
426.5,OC1c2ccccc2-c2ccccc21
427,S=C(Nc1ccccc1)Nc1ccccc1
428,COc1ccc2c3c1O[C@H]1[C@@H](O)C=C[C@H]4[C@@H](C2)N(C)CC[C@@]341
312,NCCCCCCN
290,Nc1cccc(Br)c1
334,Nc1ccc(Cl)cc1Cl
322,Cc1ccc(C(C)C)c(O)c1
370,CC(=O)c1cccc(N)c1
326,COc1cc(OC)cc(OC)c1
332,COc1ccc(C#N)cc1
533,O=C1OC(c2ccc(O)cc2)(c2ccc(O)cc2)c2ccccc21
417,O=[N+]([O-])c1c(Cl)c(Cl)c(Cl)c(Cl)c1Cl
324.5,Nc1ccccc1-c1ccccc1
429,C=CCC1(c2ccccc2)C(=O)NC(=O)NC1=O
341.5,Cc1ccc([N+](=O)[O-])cc1[N+](=O)[O-]
475.5,NC(=O)c1ccc([N+](=O)[O-])cc1
355,N#Cc1cccc(O)c1
345.5,Nc1ccc(Cl)cc1
489,O=C(O)c1ccc(O)cc1
401,COc1cc(/C=C/C(=O)c2ccccc2O)ccc1O
473,Nc1ccc(S(=O)(=O)Nc2nccs2)cc1
317,Brc1ccc(Br)c(Br)c1
319,O=Cc1ccc(Cl)cc1
470,c1ccc2c(c1)c1ccccc1c1ccccc21
508,Cc1ccnc(NS(=O)(=O)c2ccc(N)cc2)n1
281.5,NCCN
268,O=[N+]([O-])c1cccc(C(F)(F)F)c1
371.85,CCC(=O)C(C[C@H](C)N(C)C)(c1ccccc1)c1ccccc1
424.5,O=C(O)C(O)(c1ccccc1)c1ccccc1
711,c1cc2ccc3ccc4ccc5ccc6ccc1c1c2c3c4c5c61
278,C=Cc1ccc(Br)cc1
347,OCCOc1ccc2ccccc2c1
325,OC1CCc2ccccc21
353,CC(=O)c1ccc([N+](=O)[O-])cc1
280,Oc1ccccc1Cl
425,O[Si](c1ccccc1)(c1ccccc1)c1ccccc1
237,CCCCCCCO
285,CC(=O)C(=O)O
258,CCCCCCCCCC#N
349,CC(C)Cc1ccc(C(C)C(=O)O)cc1
328,Clc1ccc(Cl)cc1
188,NC1CCCC1
338,Cc1cccc(O)c1O
318,CCCCCCCCCc1ccc(O)cc1
363,Nc1nccs1
417,NC(=O)NO
398,O=C1CSC(=O)N1
425,O=C(O)CC(S)C(=O)O
420,c1ccc(Nc2ccc(Nc3ccccc3)cc2)cc1
391,NC(=O)CCl
429,CC(C)(c1ccc(O)cc1)c1ccc(O)cc1
470,O=C1c2ccccc2C(=O)c2c(O)ccc(O)c21
531,O=C1C(=O)c2cccc3cccc1c23
356,O=Cc1cc(Br)cc(Br)c1O
473,O=C1Nc2ccccc2C1=O
345,BrCC(Br)c1ccccc1
332,CC(=O)CC(=O)c1ccccc1
331,Cc1cc2ccccc2[nH]1
296,Cc1ccc(Cl)cc1N
355,O=S(=O)(Cl)c1ccc(I)cc1
350,CC(C)Nc1ccc(Nc2ccccc2)cc1
362,CC(C)(O)CCC(C)(C)O
275,CCOC(=O)CCCCCCCCC(=O)OCC
306,O=C(Cl)c1cccc([N+](=O)[O-])c1
590,c1ccc(-c2ccc(-c3ccc(-c4ccccc4)cc3)cc2)cc1
446,O=C(NNc1ccccc1)NNc1ccccc1
356,O=C(O)Cc1ccc(F)cc1
306,O=[N+]([O-])c1ccc(F)cc1O
341,Cc1ccc(O)c(O)c1
231,C1COCOC1
370,O=c1cc(-c2ccccc2)oc2ccccc12
505,Nc1c(Cl)c(Cl)c(Cl)c(Cl)c1Cl
353,O=C1C(Br)=CC(=NCl)C=C1Br
390,Nc1ccc2ncccc2c1
350,CC(=O)Nc1cccc(Cl)c1
489,O=[N+]([O-])c1cccc2c([N+](=O)[O-])cccc12
352,CNC(=O)c1ccccc1
376,CCCCC(N)=O
332,c1ccc(-n2cccc2)cc1
324,CCCCCCCCCCCCCCCCCCCCCCCC
310,O=C1CCCCC1=O
340,CCCCP(=O)(CCCC)CCCC
330,Cc1ccc2nc(C)ccc2c1
327,COc1ccc2[nH]ccc2c1
337,CC(=O)NN
268,CCCCCCCCC(C)O
302,CS(=O)c1ccccc1
306,O=C1c2ccccc2CCc2ccccc21
372,c1ccc(COc2ccc3[nH]ccc3c2)cc1
320,CC(=O)c1cc(C)ccc1O
515,c1ccc(-c2cnc(-c3ccc(-c4ncc(-c5ccccc5)o4)cc3)o2)cc1
389,C=Cc1ccc(-c2ccccc2)cc1
541,O=C(O)c1cc(Cl)c(O)c(Cl)c1
430,Nc1c(Cl)cc([N+](=O)[O-])cc1[N+](=O)[O-]
334,OCc1cccc2ccccc12
349,CCN1C(=O)c2ccccc2C1=O
425,CC(=O)Nc1cccc([N+](=O)[O-])c1
325,CCCCCCCCP(=O)(CCCCCCCC)CCCCCCCC
299,CCOc1ccccc1O
400,COc1ccc(N)c([N+](=O)[O-])c1
319,O=C(O)Cc1cccc(F)c1
300,COc1ccc(C)cc1OC
318,CCCCCCCCC#CCCCCCCCC(=O)O
420,COc1ccc(C=O)c(C(=O)O)c1OC
308,CNc1ccccc1[N+](=O)[O-]
333,OCCCCCCCCO
362,NNc1c(F)c(F)cc(F)c1F
383,Cc1cc(Cl)nc(Cl)c1C#N
326,BrCc1ccc2ccccc2c1
361,c1ccc(-c2ccc(-c3ccccc3)o2)cc1
356,c1ccc(-c2ccc3ccccc3n2)cc1
446,CC(=O)c1ccc(OCC(=O)O)cc1
381,O=[N+]([O-])c1ccc(N=C=S)cc1
403,O=C(O)c1cc(F)ccc1F
500,N#Cc1ccc(C(N)=O)cc1
303,N#CCc1ccccc1C(F)(F)F
422,O=S(=O)(Cc1ccccc1)c1ccccc1
324,Nc1cc(Br)ccc1Br
435,Cc1c(C)c(C)c(Br)c(C)c1C
341,O=Cc1ccc2ccccc2n1
426,COc1ccc2cc(OC)ccc2c1
446,CC(C(=O)O)(c1ccccc1)c1ccccc1
379,CCOC(=O)c1c[nH]nc1N
320,CCCCCCCCCCCCCCC(C)O
385,CCOc1ccc2ccccc2c1C=O
341,CC(C)(C)C(=O)CC#N
188,CC1CNCC(C)O1
311,N#Cc1ccccc1-c1ccccc1
314,O=C(OCc1ccccc1)c1ccccc1C(=O)OCc1ccccc1
474,C[C@H](CCC(=O)O)[C@H]1CC[C@H]2[C@@H]3[C@H](O)C[C@@H]4C[C@H](O)CC[C@]4(C)[C@H]3C[C@H](O)[C@]12C
308,O=C1CCCCCCCCCCCCCCO1
400,CCC(=O)c1cc(F)c(O)c(F)c1
437,CC(=O)Oc1ccc(-c2ccc(OC(C)=O)cc2)cc1
425,Nc1c(Cl)ccc(Cl)c1C(=O)O
280,OCC=CCO
353,COC(=O)c1ccc(Cl)c([N+](=O)[O-])c1
520,O=C(O)/C=C/c1ccccc1[N+](=O)[O-]
324,O=C/C=C/c1ccco1
292,N#C/C=C/c1ccccc1
457,Cc1nnc(S)s1
455,NC(=S)NS(=O)(=O)c1ccc(N)cc1
402,Nc1ccc(O)c([N+](=O)[O-])c1
394,NNC(=O)c1ccccc1[N+](=O)[O-]
427,ON=C(c1ccccc1)C(O)c1ccccc1
372,O=C(/C=C/c1ccccc1)c1ccc(Cl)cc1
538,N[C@@H](Cc1cccc(O)c1)C(=O)O
422,CC(=O)Nc1ccc(C)cc1
346,O=C(O)C(Cl)=C(Cl)Cl
295,O=C(O)C(F)(F)Cl
290,O=C(Cl)CCC(=O)Cl
326,COc1ccc(N=Nc2ccccc2)cc1
422,O=C(O)Cc1ccc(O)cc1
353,O=C(O)CO
341,CCCCCCCCCCCCCCCCCC(=O)O
240,CC(Cl)(Cl)Cl
394.5,IC(I)I
306,CC(C)(C)C(=O)O
443,O=C1c2ccccc2-c2cccc3cccc1c23
312,Cc1ccc(Cl)cc1[N+](=O)[O-]
280,Cc1ccc([N+](=O)[O-])c(C)c1
289,ClC(c1ccccc1)c1ccccc1
299,Cc1ccc(N)cc1Cl
416,Nc1cc(Cl)ccc1O
237,FC(F)(F)c1ccc(Cl)cc1
412,O=C(O)c1ccc([N+](=O)[O-])cc1Cl
349,N#Cc1ccncc1
439,CC(=O)Nc1ccc(Br)cc1
368,c1ccc(OCCOc2ccccc2)cc1
303,ClCc1ccc(Cl)cc1
340,Clc1ccc(Br)cc1
334,CCCCCCCCCCCCCCCCCCO
408,CC1(C)C(=O)N(Cl)C(=O)N1Cl
285,C1CCCCCCC1
444,O=C(O)c1cc(Cl)ccc1O
481,N#CNC(=N)N
220,CC1CCC2CC1C2(C)C
382,c1ccc2c(c1)Cc1ccccc1C2
361,COc1ccc(-c2ccccc2)cc1
419,O=C(O)Cc1ccccc1O
331,Nc1ccccc1I
313,Oc1ccc(Br)cc1Br
546,O=C(O)c1ccc(I)cc1
384,N#Cc1ccc(Br)cc1
365,N#Cc1ccc(Cl)cc1
315,CCCCCCCCCCCCCCCCCCCCCC
373,Nc1ccc(Cl)c([N+](=O)[O-])c1
314.5,CCCCCCCCCCCCC(=O)O
460,O=C(O)c1ccc([N+](=O)[O-])o1
369,Nc1ccc(Cl)cc1C(=O)c1ccccc1
439,COc1ccc2nc(N)sc2c1
332,O=[N+]([O-])c1cccc(-c2ccccc2)c1
454,O=C(O)c1cccc([N+](=O)[O-])c1Cl
391,Nc1cc([N+](=O)[O-])ccc1Cl
343,OCc1ccccc1Cl
523,Cc1cc(O)c(C(C)C)cc1C1(c2cc(C(C)C)c(O)cc2C)OC(=O)c2ccccc21
498,O=C(O)c1ccc(-c2ccccc2)cc1
325,COc1ccc(OC)c(C=O)c1
526,COC1=CC(=O)C=C(OC)C1=O
345,COc1ccc(C=O)c(OC)c1
323,COc1ccc(I)cc1
391,O=C(c1ccccc1)c1ccc(C(F)(F)F)cc1
385,O=C(O)c1ccccc1-c1ccccc1
447,O=C(c1ccc(Br)cc1)c1ccc(Br)cc1
346,CC(=O)c1ccc(Cl)c(Cl)c1
347,COC(=O)c1cccc(O)c1
450,C=C[C@H]1C[N@@]2CC[C@H]1C[C@H]2[C@H](O)c1ccnc2ccc(OC)cc12
450,O=C(O)/C=C/c1cccc(Br)c1
515,O=C(/C=C/c1ccc2ccccc2c1)/C=C/c1ccc2ccccc2c1
320,O=C(O)CBr
269,OCCOCCOCCO
229,CCc1ccccc1N
327,Clc1ccc(I)cc1
304,Oc1cccc(Br)c1
338,CCCCCCc1ccc(O)cc1O
227,Cc1cc(C)nc(C)c1
303,Nc1ccccc1Br
275,Cc1cc(C)c(Br)c(C)c1
289,CC(C)(C)c1ccc(Br)cc1
417,Nc1ccccc1C(=O)O
177,CCCC=O
381,O=Cc1ccc([N+](=O)[O-])cc1
413,Cc1ncc([N+](=O)[O-])n1C
367,OCCN1CCN(CCCN2c3ccccc3Sc3ccc(Cl)cc32)CC1
507,C[C@]12C=CC(=O)C=C1CC[C@@H]1[C@@H]2C(=O)C[C@@]2(C)[C@H]1CC[C@]2(O)C(=O)CO
415,CNC(=O)Oc1cccc2ccccc12
516,O=C(O)c1ccc(Cl)cc1
209,CI
401.5,CCCCC1(CC)C(=O)NC(=O)NC1=O
339,OC(c1ccccc1)c1ccccc1
326,CC(=O)c1ccc2ccccc2c1
261,COC(=O)c1ccccc1
341,Cc1ccc(S(=O)(=O)Cl)cc1
264,CCCCCCC(=O)O
285,CCCCCCCCCC(C)=O
175.1,CCCCOCCCC
478,CC(=O)Nc1ccccc1O
274,COC(=O)OC
353,ICCI
449,O=[N+]([O-])c1ccc(I)cc1
356,CC(=O)c1ccc(I)cc1
318,OCCCCCCO
326,O=[N+]([O-])c1ccc(Cl)c([N+](=O)[O-])c1
342,Cc1cc(Cl)c(C)cc1Cl
317,Oc1ccc(Cl)cc1
305,O=C(Cc1ccccc1)Cc1ccccc1
318,O=[N+]([O-])c1cccc(Cl)c1
354,CC(=O)c1cccc([N+](=O)[O-])c1
268,CCCC(=O)O
388,O=[N+]([O-])c1ccc(O)cc1
462,NC(=O)c1cnccn1
178,CCCOC(C)=O
413,O=C(O)c1ccccc1Cl
266,CCCCCCCCCO
484,O=c1c2ccccc2sc2ccccc12
333,C(#Cc1ccccc1)c1ccccc1
291,O=C(O)C1CC1
336,Cc1cc(C)cc(O)c1
291,O=C(OCc1ccccc1)c1ccccc1
324,Cc1ccc([N+](=O)[O-])cc1
458,O=C(O)CCC(=O)O
428,COc1ccc2cc(C(C)C(=O)O)ccc2c1
410,O=C(c1ccccc1)C(O)c1ccccc1
315.5,Oc1ccc(Cl)cc1Cl
329,Oc1cccc(Cl)c1Cl
449,c1ccc2c(c1)cc1ccc3cccc4ccc2c1c34
352,O=C(O)Cc1ccccc1
489.3,c1ccc2cc3ccccc3cc2c1
398,C(=C/c1ccccc1)\c1ccccc1
509,Cn1c(=O)c2c(ncn2C)n(C)c1=O
360,CCN(CC)CCCC(C)Nc1ccnc2cc(Cl)ccc12
108,C=CCCC
165,CCI
231,CCCCCCOCCO
329,CCCCCCCCCCCCCCCCCCN
135,CC=C(C)CC
306,Cc1ccccc1O
340,CCCCCCCCCCCC(=O)CCCCCCCCCCC
351,CCC(N)=O
203,Cc1ccccn1
198,CCCCC1CCCCC1
322,Cc1cccc(C)c1O
383,Cc1cccc(C(=O)O)c1
270,CCCCCCCCCCCCI
603.5,CC1=NS(=O)(=O)c2cc(Cl)ccc2N1
472,CC(=NNC(=O)c1ccncc1)c1ccco1
409,NC(N)=O
282,O=Cc1ccccc1Cl
339,Nc1ccc(Br)cc1
360.5,CCC1(c2ccccc2)CCC(=O)NC1=O
460,O=C(O)c1ccccc1Nc1ccccc1
357.5,Cc1ccc(S(=O)(=O)NC2CCCCC2)cc1
196,CC(C)CNCC(C)C
135,COC
497,O=C(O)c1cc(Cl)cc(Cl)c1O
362,CN(C)c1ccc(C(=O)c2ccccc2)cc1
322,COc1ccc(C(C)=O)c(O)c1
359,Nn1cnnc1
338,O=Nc1ccccc1
352,CC(C)(O)C(=O)O
453,CN(C)C(N)=O
316,O=Cc1ccc[nH]1
297,C=CCn1c(=O)n(CC=C)c(=O)n(CC=C)c1=O
325,Cc1ccc(O)cc1Cl
434,O=P(O)(O)c1ccccc1
333,OC1(c2ccccc2)CCCCC1
476,O=P(O)(O)CP(=O)(O)O
297,CCCCCCCCCCCCCC=O
367,O=C=Nc1ccc(N=C=O)cc1
372,CCCCCCCCOC(=O)c1cc(O)c(O)c(O)c1
284,CN(C=O)c1ccccc1
334,CCOc1ccc(C=O)cc1OC
336,Nc1cccc2cccc(N)c12
320,CCc1nc(C)c[nH]1
326,O=C(Cl)C(c1ccccc1)c1ccccc1
411,CC(=O)NC(=O)CN
546,CS(=O)(=O)c1ccc(C(=O)O)cc1
363,C/C(=C/C(=O)O)C(=O)O
138,CC=C(C)CC
436,Cc1ccccc1B(O)O
306,CCC/C=C/C(=O)O
436,CC(=O)Nc1ccc(N)cc1
285,O=C(Cl)c1ccccc1C(=O)Cl
334,Nc1cccnc1
353,Nc1c(Cl)cc(Cl)cc1Br
492,Nc1ccncc1N
187,CCO[Si](OCC)(OCC)OCC
307,OCc1c(F)c(F)c(F)c(F)c1F
388,Cc1ccc2[nH]cnc2c1
319,Cc1ccc(-c2ccccc2)cc1
379,CP(=O)(O)O
413,Cc1ccc[nH]c1=O
430.5,NNC(=O)NN
318,N#CCc1ccc(C(F)(F)F)cc1
308,NCCCCCO
355,O=[N+]([O-])c1cc(Br)ccc1Br
388,CC(N)=S
298,C[C@H](O)CN
324,Oc1ccccc1C=Nc1ccccc1
403,O=C(O)c1ccco1
283,COc1ccc(Br)cc1
454,N#Cc1ccc(C(c2ccc(C#N)cc2)n2cncn2)cc1
449.5,Nc1ccc([N+](=O)[O-])cc1[N+](=O)[O-]
253,BrCCCCBr
376,O=C(O)Cc1ccc(Cl)cc1
425.5,O=C(O)c1cc(Cl)ccc1Cl
275,COC(=O)c1ccccc1C(=O)OC
285,Cc1ccc(C)c(N)c1
301.5,Cc1ccc(Br)cc1
314,COc1cccc(C=O)c1O
303.5,O=[N+]([O-])c1ccc(Cl)cc1Cl
342,Oc1cc(Cl)c(Cl)cc1Cl
318.5,Oc1ccc(F)cc1
351,Cc1c2ccccc2cc2ccccc12
498,C[C@]12CCC(=O)C=C1CC[C@@H]1[C@@H]2C(=O)C[C@@]2(C)[C@H]1CC[C@]2(O)C(=O)CO
345,Cc1cccc(O)c1C
324.5,Clc1cc(Cl)c(Cl)c(Cl)c1
400,NC(=O)c1ccccc1
421,O=C(CCCN1CCC(O)(c2ccc(Cl)cc2)CC1)c1ccc(F)cc1
440,Cc1c(C)c(C)c(C)c(C)c1C
387,COC(=O)c1ccc(N)cc1
341.5,Oc1c(Cl)cccc1Cl
408,CCOc1ccc(NC(C)=O)cc1
342,CCCCOC(=O)c1ccc(O)cc1
275,OCCN1CCOCC1
183.1,CC1CCC(C(C)C)CC1
407.5,O=C(O)CCCCCCCCC(=O)O
283,Oc1cccc(F)c1
317,CCC(C)(CO)CO
240,CC(C)CC(=O)O
254,OC1CCCC1
528.25,C[C@]12CC[C@@H]3c4ccc(O)cc4CC[C@H]3[C@@H]1CCC2=O
175,FC(F)(F)CC(F)(F)F
310,COC(=O)c1ccc(C)cc1
339,COc1ccccc1CC#N
508,Nc1ccc2cc3ccccc3cc2c1
503,Clc1c(Cl)c(Cl)c(Cl)c(Cl)c1Cl
413.1,O=[N+]([O-])NC1=NCCN1Cc1ccc(Cl)nc1
226,CCCCCCCC(=O)OCC
142,FC(C(F)(F)F)C(F)(F)F
486,c1ccc(-c2ccc(-c3ccccc3)cc2)cc1
339,Oc1ccc(Br)cc1
469,NCCC(=O)O
576,CCCC(N)C(=O)O
387,NCCc1c[nH]c2ccccc12
462,NCCOB(c1ccccc1)c1ccccc1
400,COc1ccc(NC(C)=O)cc1
203,CCCCC(CC)COP(=O)(OCC(CC)CCCC)OCC(CC)CCCC
507,O=C1NC(=O)c2ccccc21
448,CN(C)c1ccc(C(=O)c2ccc(N(C)C)cc2)cc1
343,CCN(CC)c1ccc2c(C)cc(=O)oc2c1
506,O=C(O)c1ccc2c(c1)OCO2
251,Cc1cc(C)cc(C(C)(C)C)c1
357,Oc1ccc(NCc2ccccc2)cc1
262,C1CCNCC1
510,O=C1OC(=O)C2C1C1(Cl)C(Cl)=C(Cl)C2(Cl)C1(Cl)Cl
401,Nc1nc2ccccc2s1
437,c1ccc2c(c1)-c1cccc3c1c-2cc1ccccc13
397,NNC(=O)Nc1ccccc1
263,CC(C)C(C)(C)O
260,ClCc1ccccc1Cl
379,O=[N+]([O-])c1ccc(O)c(Cl)c1
352,O=Cc1c(O)ccc2ccccc12
418,Cc1ccc(P(c2ccc(C)cc2)c2ccc(C)cc2)cc1
440,Nc1ccc([N+](=O)[O-])cc1C(=O)c1ccccc1
283,OCc1cccc(Oc2ccccc2)c1
490,OCC(CO)(CO)COCC(CO)(CO)CO
234,C=CCC(=O)O
398,O=Cc1cc([N+](=O)[O-])ccc1O
388,O=C(O)C(F)(F)C(F)(F)C(=O)O
422,CC(=O)N[C@@H](Cc1ccc(O)cc1)C(=O)O
507,O=C(O)c1ccc([N+](=O)[O-])c(O)c1
416,O=C(Oc1ccc([N+](=O)[O-])cc1)c1ccccc1
297,O=C1CCCCCCCCC1
333,Cc1cc(C)c(C)c(Br)c1C
382,OCc1cc(Br)ccc1O
310,COc1ccccc1C(=O)c1ccccc1
319,COC(=O)c1cc(Cl)ccc1O
223,CCN(C(C)C)C(C)C
295,C[Si](C)(C)C#C[Si](C)(C)C
497,Oc1ccc2cc(O)ccc2c1
411,C(=N/c1ccccc1)\Nc1ccccc1
303,CCOC(=O)C(O)(c1ccccc1)c1ccccc1
377,N#Cc1ccccc1C=O
473,C=C[C@H]1C[N@@]2CC[C@H]1C[C@H]2[C@H](O)c1ccnc2ccccc12
353,O=C(O)Cc1ccc(C(F)(F)F)cc1
475,O=C(O)/C=C/c1ccccc1C(F)(F)F
489,CC12CCC3C(CCC4CC(OCc5ccccc5)CCC43C)C1CCC2=O
308,O=C(/C=C/c1ccccc1)OCc1ccccc1
498,COc1ccc(-c2cc(=O)c3c(O)c(OC)c(O)cc3o2)cc1
471,Nc1ccc(C=Cc2ccc([N+](=O)[O-])cc2)c([N+](=O)[O-])c1
460,OC[C@@H](O)[C@H]1O[C@@H]2O[C@H](C(Cl)(Cl)Cl)O[C@@H]2[C@H]1O
144,O=C(C(F)(F)F)C(F)(F)F
271,Cc1ccccc1CCl
342,Oc1ccc(Nc2ccccc2)cc1
213,Cc1ccnc(C)c1
307,CCN(CC)c1ccc(Br)cc1
525,Cc1ccccc1N1C(=O)c2cc(S(N)(=O)=O)c(Cl)cc2NC1C
327,CC(C)(C)CO
261,CCC(C)(C)O
432,O=C1c2ccccc2C(=O)c2c(Cl)cccc21
523,Nc1cccc2c1C(=O)c1ccccc1C2=O
332,Cc1cc(O)c(C(C)C)cc1Cl
312,Cc1ccccc1CO
395,O=C1CCN(c2ccccc2)N1
356,CN(C)c1cccc(O)c1
347,Cc1cc(C)cc([N+](=O)[O-])c1
352,O=C(Oc1ccccc1)Oc1ccccc1
150,CC(C)CC(C)C
271,CCCCCCCCCCC=O
286,O=C(Cl)c1ccc(Cl)cc1
224,C1CCOCC1
286,CCCCCCCCCCN
470,O=C(O)C(S)C(S)C(=O)O
430,O=[N+]([O-])c1cc(I)c(O)c(I)c1
260,Fc1cccc2ccccc12
253,CC(C)(C)Br
450,C=C(Br)CC1(C(C)C)C(=O)NC(=O)NC1=O
308,CN=C=S
318,CC(C)(C)c1cccc(O)c1
302,CC(=O)CCC(=O)O
164,CCCCCC(C)C
503,Oc1c(Br)c(Br)c(Br)c(Br)c1Br
307,CC(C)(O)c1ccccc1
422,N#Cc1ccc([N+](=O)[O-])cc1
250,Cc1cccc(C#N)c1
353,Oc1ccc(Oc2ccccc2)cc1
302.5,CC(=O)c1ccco1
320,Cc1cc(Cl)ccc1O
507,N#Cc1ccc(-c2ccc(C#N)cc2)cc1
496,N#Cc1cccc(C(=O)O)c1
367,CC1(C)OC(=O)CC(=O)O1
436,Cc1ccc(C(N)=O)cc1
328,Cc1cc(Cl)nc2ccccc12
394,CC(=O)Oc1ccc(OC(C)=O)cc1
321,N#Cc1ccccc1N
429,CC(=O)Nc1ccc(C=O)cc1
286,CCCCCCCCC(=O)CC
338,COc1ccc(C=Nc2ccccc2)cc1
372,CN(C)c1ccc(/C=N/c2ccccc2)cc1
257,C1=CCCCCCC1
348,COc1ccc(/C=C/C(=O)c2ccccc2)cc1
383,C1CNCCN1
197,CCOCCOCCO
209,COCCOCCOC
378,O=Cc1cccc(O)c1
297,ClCCOc1ccccc1
301,COc1ccccc1O
446,COc1ccc(Cl)cc1C(=O)NCCc1ccc(S(=O)(=O)NC(=O)NC2CCCCC2)cc1
324,O=C(O)CCCc1ccccc1
483,O=C1C(=O)c2ccccc2-c2ccccc21
281,Cc1cccc(C)c1N
193,CC(=O)CC(C)C
250,CCCCCCN
533.5,OCC(CO)(CO)CO
483,c1ccc2c(c1)Cc1cc3ccccc3cc1-2
379,COc1cccc(C(=O)O)c1
338,Cc1c([N+](=O)[O-])cccc1[N+](=O)[O-]
320,O=[N+]([O-])c1ccccc1CCl
357,COc1cc(Cl)c(Cl)c(Cl)c1Cl
529,CC(=O)Nc1ccc(C(=O)O)cc1
309,CC(=O)c1cccc(C(C)=O)c1
363,O=[N+]([O-])c1ccc(Oc2ccc(C(F)(F)F)cc2[N+](=O)[O-])cc1
316.5,CCc1ccc(O)cc1
323,O=[N+]([O-])c1ccccc1I
330,Oc1ccccc1-c1ccccc1
268,ClC(Cl)(Cl)c1ccccc1
303,OCC=Cc1ccccc1
331,COc1ccc(OC)cc1
392,CCCC(=O)Nc1ccc(OCC(O)CNC(C)C)c(C(C)=O)c1
520,c1ccc2c(c1)[nH]c1ccccc12
343,O=C(Oc1ccccc1)c1ccccc1
447,CN(C)C(=O)Nc1ccc(Cl)cc1
455,Brc1cc(Br)c(Br)cc1Br
421,Nc1ccc([N+](=O)[O-])cc1
468,CCCN(CCC)S(=O)(=O)c1ccc(C(=O)O)cc1
542,c1ccc2c(c1)ccc1cc3c(ccc4ccccc43)cc12
422,O=C(O)c1ccccc1Br
370,O=[N+]([O-])c1cccc(O)c1
526,O=C(O)c1ccc(Br)cc1
479,NS(=O)(=O)c1cc(C(=O)O)c(NCc2ccco2)cc1Cl
314.3,O=[N+]([O-])c1ccc(Cl)c(Cl)c1
325,c1ccc(CCc2ccccc2)cc1
460,c1ccc2c(c1)Nc1ccccc1S2
404,COC(=O)c1ccc(O)cc1
362,CCOC(=O)c1ccc(N)cc1
432,O=C(O)c1ccccc1O
160,C=CC=C
227,CC#N
198,CCCCOCCO
330,CCCCCCCCCCCCCCCCCO
191,C=Cc1cccc(C)c1
321,C#CC(C)(O)c1ccccc1
381,Cc1ccccc1C(=O)O
275,BrCCCCCCBr
309,Ic1cccc(I)c1
291,OCCCCO
156.6,CC1CCC(C)C1C
400,O=[N+]([O-])C(Br)(CO)CO
318,O=C(CCC(=O)OCc1ccccc1)OCc1ccccc1
408,COc1ccc(C(=O)c2ccc(OC)cc2O)c(O)c1
504,O=C(O)c1cc(I)cc(I)c1O
381,O=C(c1ccc(F)cc1)c1ccc(F)cc1
502,O=C(O)c1ccccc1-c1ccccc1C(=O)O
573,O=C(O)c1ccccc1-c1c2cc(Br)c(=O)c(Br)c-2oc2c(Br)c(O)c(Br)cc12
335,CCCCCCCCCCCCCCCC(=O)OCC(COC(=O)CCCCCCCCCCCCCCC)OC(=O)CCCCCCCCCCCCCCC
291,OCCCCCCCO
321,CC12CCC(C1)C(C)(C)C2O
283,CC(=O)N1CCOCC1
300,C#CCCCCCCCCCCCCCCCC
346,O=C1C=CC(=O)C2C3C=CC(C3)C12
326,CCOC(=O)C(NC=O)C(=O)OCC
498,Sc1ncc[nH]1
371,COC(=O)[C@H]1[C@@H](OC(=O)c2ccccc2)C[C@@H]2CC[C@H]1N2C
317,CC(C)(Br)C(=O)O
300,O=C(O)C(Cl)Br
360,CN(C)c1ccc(Cc2ccc(N(C)C)cc2)cc1
454,CN(C)CC(=O)O
375,O=C(O)CCCCCCCC(=O)O
356,CCC(=O)N(c1ccccc1)C1CCN(CCc2ccccc2)CC1
387,CC1CNC(C)CN1
347,Nc1c(Cl)cc(Cl)cc1Cl
343,O=P(O)(O)CCCl
396,OC1c2ccccc2Oc2ccccc21
443,C=C[C@H]1C[N@@]2CC[C@H]1C[C@@H]2[C@@H](O)c1ccnc2ccc(OC)cc12
303,CC(C)(N)CO
318,COc1cccc(OC)c1OC
448,Oc1ccc(O)cc1
366.5,N#Cc1ccccc1O
210,OCCCl
450,CC/N=c1/nc(Cl)[nH]/c(=N\C(C)C)[nH]1
441,Cc1cc(NS(=O)(=O)c2ccc(N)cc2)no1
311.5,Oc1ccccc1I
551,c1cc2cccc3c4cccc5cccc(c(c1)c23)c54
547,Cn1c(=O)c2nc[nH]c2n(C)c1=O
389,c1ccc2c(c1)Cc1ccccc1-2
149,CC=O
408.5,CC(C)(C)C(O)C(Oc1ccc(Cl)cc1)n1cncn1
239,COB(OC)OC
387,CC(C(=O)O)c1ccc(-c2ccccc2)c(F)c1
251,Fc1ccc(Cl)cc1
418,Oc1ccncc1
226,ClCCOCCCl
113,FC(F)F
294,OC1CCCCC1
474,Oc1c(Br)cc(Br)c2cccnc12
368,C=CCC1(C(C)CCC)C(=O)NC(=O)NC1=O
270,CC(C)(C)OO
241,COS(=O)(=O)OC
445,Cc1ccc2c(c1)C(=O)c1ccccc1C2=O
429,O=C(O)Cc1c(Cl)ccc(Cl)c1Cl
349,O=S(=O)(Cl)c1ccc2ccccc2c1
416,O=C(O)COCC(=O)O
253,CCCCCCCCCCCCN(C)C
615,O=C(O)c1cccc(C(=O)O)c1
361,CC(=O)Nc1cccc(F)c1
328,O=C(Cc1ccccc1)c1ccccc1
326,OCc1ccc2c(c1)OCO2
415,Cc1ccccc1C(N)=O
440,O=C(O)c1ccc2c(c1)C(=O)OC2=O
312,CC(C)C(Br)C(=O)O
338,Nc1cccc2cccnc12
414,O=[N+]([O-])c1c2ccccc2cc2ccccc12
492,O=C1NC(=O)c2c1cccc2[N+](=O)[O-]
426,O=c1cc(-c2ccccc2)oc2c1ccc1ccccc12
327,O=C1Cc2ccccc2C1
324,Cc1c[nH]cn1
213,CCCCP(CCCC)CCCC
335,Oc1ccc2c(c1)CCCC2
336,Cc1cc2ccccc2cn1
346,Clc1ccc(SSc2ccc(Cl)cc2)cc1
326,Oc1ccc2c(c1)CCC2
344,CC(=O)c1cc2ccccc2o1
593,O=C1OC2(c3ccc(O)cc3Oc3cc(O)ccc32)c2ccccc21
188,CC1OC1C
498,O=C(O)c1ccc(CBr)cc1
432,O=C(O)COc1ccc(Cl)cc1
536,Nc1ccc(N)c2c1C(=O)c1ccccc1C2=O
467,Cc1cc(C)c(NC(=O)CN(CC(=O)O)CC(=O)O)c(C)c1Br
266,O=C(Cl)CCc1ccccc1
378,CC1(C)C(=O)NC(=O)N1CO
308,c1cc2c3c(c1)CCCN3CCC2
452,O=C1C(F)=C(F)C(=O)C(F)=C1F
423,Nc1ccncn1
453,CCNC(=O)C(=O)NCC
349,O=C(c1ccccc1)c1cccc(Br)c1
339,CN1C(=O)CCC1=O
291,O=C(O)CCCCCc1ccccc1
437,Cc1cc(N)c2ccccc2n1
293,COc1ccc(OC)c(C)c1
445,CO[C@@H]1O[C@H](CO)[C@H](O)[C@H](O)[C@H]1O
357,O=C(OC(Cl)(Cl)Cl)OC(Cl)(Cl)Cl
326,N#CCc1ccc(I)cc1
446,O=C(O)[C@@H](O)[C@H](O)C(=O)O
303,COC(=O)CS(=O)(=O)c1ccccc1
501,NC(=O)c1ccc(-c2ccccc2)cc1
422,NC(=S)Nc1ccccc1
400,Cn1nnnc1S
323,O=C(C=C1Cc2ccccc21)c1ccccc1
315,CCOC(=O)c1cccc([N+](=O)[O-])c1
548,NC(CC(=O)O)C(=O)O
510.5,O=c1[nH]c2ccccc2n1CCCN1CCC(n2c(=O)[nH]c3cc(Cl)ccc32)CC1
476,CCC1(C(C)C)C(=O)NC(=O)NC1=O
403,O=C(O)Cc1cccc2ccccc12
551,Oc1ccc(-c2ccc(O)cc2)cc1
247,CCOC(=O)CCl
176,COCC(C)O
257,CCCCCCC(C)=O
250,CCCCCCCN
349,CCCCCCCCCCCCCCCCCCCCCC(=O)O
333,C[Si]1(C)O[Si](C)(C)O[Si](C)(C)O1
327,Brc1ccc2ccccc2c1
446,NC(=O)c1ccc(Cl)cc1
462,CC(=O)c1c[nH]c2ccccc12
522,c1ccc(-c2c3ccccc3c(-c3ccccc3)c3ccccc23)cc1
339,Clc1cccc(Cl)c1Br
336,O=Cc1cc(Cl)cc(Cl)c1
340,COC(=O)c1ccc(C#N)cc1
332,Cc1cc(O)ccc1Br
355,CCOC(=O)c1cc(C)n[nH]1
541,O=C1CN(/N=C/c2ccc([N+](=O)[O-])o2)C(=O)N1
386,NC(=O)c1ccccc1N
238,NCCNCCN
295,Cc1ccc(O)c(C)c1
223,CCCCC(CC)COC(=O)c1ccccc1C(=O)OCC(CC)CCCC
437,O=C(O)c1ccccc1OP(=O)(O)O
375,CC1=CC(=O)c2ccccc2C1=O
513,C[C@]12C=CC(=O)C=C1CC[C@@H]1[C@@H]2[C@@H](O)C[C@@]2(C)[C@H]1CC[C@]2(O)C(=O)CO
335,O=[N+]([O-])c1cccc2ccccc12
180,CCCC(=O)OCC
242,c1ccc2c(c1)CCCC2
344.5,CC(C)(c1ccccc1)c1ccc(O)cc1
344,OCc1ccc(Cl)cc1
268,C=Cc1cccc([N+](=O)[O-])c1
398,CC(C)(CO)CO
488.5,O=C(O)c1cc(-c2ccc(F)cc2F)ccc1O
451,CC(C=CC=C(C)C=CC1=C(C)CCCC1(C)C)=CC=CC=C(C)C=CC=C(C)C=CC1=C(C)CCCC1(C)C
513,O=C(O)c1ccc([N+](=O)[O-])cc1
548,O=C1CCC(N2C(=O)c3ccccc3C2=O)C(=O)N1
449,C[C@]12CC[C@@H]3c4ccc(O)cc4CC[C@H]3[C@@H]1CC[C@@H]2O
338,Oc1c(Cl)cc(Cl)cc1Cl
239,Nc1ccccc1C(F)(F)F
