index,SMILES,MP_K
1,O=[N+]([O-])c1ccc2c(c1)Cc1ccccc1-2,429
2,CC1(O)CCCCC1,299
3,C(=NC1CCCCC1)=NC1CCCCC1,307.5
4,COc1cc(Cc2cnc(N)nc2N)cc(OC)c1OC,474
5,CCCCC(C)CCC,160
6,CCCCCCC(=O)O,264
7,c1ccc2cccc-2cc1,372.5
8,Cc1ccc([N+](=O)[O-])cc1[N+](=O)[O-],341.5
9,c1ccc(P(CP(c2ccccc2)c2ccccc2)c2ccccc2)cc1,392
10,N#Cc1ccc(O)cc1,384.5
11,CC(C)C(=O)c1ccccc1,274
12,CC#CCO,270.8
13,O=C(OCc1ccccc1)c1ccccc1,291
14,C=CC1(C(C)CCC)C(=O)NC(=O)NC1=O,363
15,O=C(CCC(=O)OCc1ccccc1)OCc1ccccc1,318
16,O=c1ccc2ccccc2o1,343
17,Nc1ccccc1C(F)(F)F,239
18,CCOC(=O)c1csc(C)n1,328
19,O=C(/C=C/c1ccccc1)c1ccc(Cl)cc1,372
20,Cc1ccc(N)c(N)c1,362.5
21,Cc1cc(O)ccc1Cl,340
22,CCCCCCCCCCCCCCCCCC(=O)OCC,308
23,COc1ccc(-c2cc(=O)c3c(O)c(OC)c(O)cc3o2)cc1,498
24,CCCCCCCCCCC=O,271
25,CC(C)(CC(=O)O)CC(=O)O,374
26,CC(C)(C)OO,270
27,c1ccc(-c2ccncc2)nc1,334
28,Cc1ccc2oc(=O)ccc2c1,349
29,Oc1ccc(Cc2ccccc2)cc1,356
30,CC1CC=CC1,112
31,O=C[C@H](O)[C@H](O)[C@H](O)CO,355
32,O=C(O)COc1cccc(Cl)c1,381
33,Cc1ccc2c(c1)no[n+]2[O-],370
34,Brc1cccnc1,246
35,CCc1cc(C)cc(CC)c1,199
36,CCC(C)C,113
37,Oc1ccccc1F,288
38,C=CCC1CCCC1,162
39,CC(=O)c1cc(C)c(C)cc1C,283
40,Fc1cccc2ccccc12,260
41,CCCCC(=O)O,239
42,ICI,278
43,Oc1ccc(Br)cc1,339
44,Oc1c(Br)cccc1Br,328
45,O=C(O)c1cc(Cl)ccc1Cl,425.5
46,ICCCCI,279
47,Cc1n[nH]c(=O)[nH]c1=O,486
48,CCCCCCCCCCCCCCCC(=O)Cl,284
49,CCOc1ccccc1,243
50,OCCCCCCCCO,333
51,O=S(=O)(Cl)c1cccs1,303
52,O=C(CCCN1CCC(O)(c2ccc(Cl)cc2)CC1)c1ccc(F)cc1,421
53,CCC(=O)C(CC(C)N1CCOCC1)(c1ccccc1)c1ccccc1,348
54,NC(=O)c1cccc(N)c1,388
55,CCCCC(CC)COC(=O)c1ccccc1C(=O)OCC(CC)CCCC,223
56,COC(=O)c1cc(Cl)ccc1O,319
57,C[C@]12C=CC(=O)C=C1CC[C@@H]1[C@@H]2C(=O)C[C@@]2(C)[C@H]1CC[C@]2(O)C(=O)CO,507
58,CCCCCCCCCCCCCCCCCCCC,309.7
59,Cc1ccc(-c2ccccc2)cc1,319
60,O=C(c1ccco1)C(O)c1ccco1,411
61,NS(=O)(=O)c1cc2c(cc1C(F)(F)F)NCNS2(=O)=O,545
62,C=C(C)C(C)CC,139
63,OC(c1ccccc1)(c1ccccc1)C1CCNCC1,433
64,CCCCOC=O,181
65,C1COCCO1,284.8
66,CC1CCC(C)(C)C1,131
67,O=C(O)c1cc(F)ccc1F,403
68,Clc1ccc(Cl)s1,232
69,Cc1ccc2sc(C)nc2c1,313
70,C=CC(CC)CC,146
71,Nc1ncccn1,398
72,CC1=CC(=O)OC1=O,281
73,O=C(O)c1ccco1,403
74,CCNc1ccc([N+](=O)[O-])cc1,369
75,C1CCCCC1,280
76,O=C(O)CCCC[C@@H]1SC[C@@H]2NC(=O)N[C@@H]21,503
77,COC(=O)c1cc2ccccc2cc1O,346
78,Cc1cc(Br)ccc1Br,278
79,Nc1ncc2ncn(COCCO)c2n1,462
80,O=C(Cl)c1ccc2ccccc2c1,323
81,COCC(=O)Nc1cc(Sc2ccccc2)ccc1N=C(NC(=O)OC)NC(=O)OC,402
82,N#Cc1ccccc1Cl,318
83,O=C(O)Cc1sc(-c2ccccc2)nc1-c1ccc(Cl)cc1,434
84,OC(c1ccccc1)c1ccccc1,339
85,O=C(Oc1ccc([N+](=O)[O-])cc1)c1ccccc1,416
86,CC=CC(C)CC,147
87,CC(=O)c1ccc(C(F)(F)F)cc1,305
88,CCCCCCCCCCc1ccccc1,259
89,NNC(=S)Nc1ccccc1,411
90,CC(=O)OCCc1ccccc1,242
91,CN=C=S,308
92,BrCCCBr,239
93,CCCC(C)Br,177
94,CC(=O)c1cccc(Br)c1,281
95,CCC(c1ccccc1)c1ccccc1,287
96,Cc1ccnc(-c2cc(C)ccn2)c1,447
97,Nc1ccc(C2CCCCC2)cc1,326
98,CCC(C(=O)O)C(=O)O,386
99,O=C(O)c1cc(Cl)ccc1[N+](=O)[O-],411
100,CCCCCCCCOc1ccc(C(=O)c2ccccc2)c(O)c1,321
101,O=C(O)c1cccc(C(F)(F)F)c1,378
102,O=[N+]([O-])c1cccc(I)c1,310
103,CCn1ccc(NS(=O)(=O)c2ccc(N)cc2)nc1=O,439.5
104,N#Cc1c(F)cccc1F,303
105,ClC1=C(Cl)[C@]2(Cl)[C@@H]3[C@@H]4C[C@@H]([C@H]5O[C@@H]45)[C@@H]3[C@@]1(Cl)C2(Cl)Cl,449
106,CC1=CCCCC1,153
107,Cc1c[nH]c(=O)[nH]c1=O,589.5
108,O=C(O)c1c(F)ccc(F)c1F,404
109,COc1cccc(OC)c1OC,318
110,C[Si](C)(C)C,173
111,OCc1cccc(O)c1,345
112,O=C(O)C(S)C(S)C(=O)O,470
113,C=CCI,174
114,CCCCCCCCCCCCCCCC(=O)O,335.5
115,COc1c(F)c(F)c(F)c(F)c1F,235
116,c1ccc2c(c1)Cc1ccccc1C2,382
117,CCCCCCCCCC,243
118,Br,187
119,Oc1ccc2ccccc2c1-c1c(O)ccc2ccccc12,490
120,CN1/C(=C(\O)Nc2ccccn2)C(=O)c2ccccc2S1(=O)=O,471
121,COc1cccc(C(=O)O)c1O,425
122,Oc1ccc(Cl)c(Cl)c1,340
123,COc1cccc(OC)c1C,313
124,CCCCOC(=O)CCC,181
125,Cc1ccc2ccccc2n1,271
126,CCCCCCCCCC#N,258
127,Nc1cccc(N)c1,338
128,COC(N)=O,328
129,CC[N+](=O)[O-],184
130,c1ccc2c(c1)CCc1ccccc1N2,380
131,O=C1C=CC(=O)N1c1ccccc1,362
132,NCCCCCO,308
133,COC(=O)c1cc(Cl)ccc1Cl,312
134,CCCNC(=O)NS(=O)(=O)c1ccc(Cl)cc1,401
135,CCC(S)CC,162
136,CCCCCCCCC(=O)O,283
137,CC(C)CCCCC(C)C,218
138,O=C(O)C(F)(F)C(F)(F)C(F)(F)F,255
139,O=C(O)c1cc(F)c(F)cc1F,371
140,NCCc1c[nH]c2ccccc12,387
141,COC(=O)c1cccc([N+](=O)[O-])c1,351
142,CCc1ccc(C)nc1,202
143,COC(=O)C(C)C,188
144,Nc1ccc(Cl)cc1C(=O)c1ccccc1,369
145,Oc1c(F)c(F)c(F)c(F)c1F,308
146,Cc1cccc(N)c1,243
147,COc1ccc(C=O)cc1OC,317
148,Cc1ccc(N(CC2=NCCN2)c2cccc(O)c2)cc1,447.5
149,c1csc(-c2ccc(-c3cccs3)s2)c1,365
150,O=C1OC(=O)c2ccccc21,405
151,CCCCCCBr,188
152,c1ccc(-c2nnc(-c3ccccc3)o2)cc1,413
153,O=Cc1ccc[nH]1,316
154,N#Cc1ccc(F)cc1,309
155,CS(=O)(=O)c1ccc2c(c1)N(CCCN1CCC(C(N)=O)CC1)c1ccccc1S2,443
156,BrC(Br)Br,282
157,C[C@]12CC[C@@H]3c4ccc(O)cc4CC[C@H]3[C@@H]1CCC2=O,528.25
158,COc1cc(C=O)ccc1O,355
159,CC1=NNC(=O)C1,495
160,O=P(O)(O)CCCl,343
161,OCCOCCOCCO,269
162,O=C1CCc2ccccc21,313
163,Cc1cc(-c2ccc(N)c(C)c2)ccc1N,403
164,N#Cc1cccc(C(=O)O)c1,496
165,Cc1cc(C)c(CC(=O)O)c(C)c1,442
166,O=c1cc(-c2ccccc2)oc2cc(O)cc(O)c12,560
167,N#Cc1ccc(C#N)cc1,498.5
168,N#CCc1ccc(C(F)(F)F)cc1,318
169,O=[N+]([O-])c1cc([N+](=O)[O-])c2ccccc2c1,420
170,COC(=O)c1cc(Cl)ccc1[N+](=O)[O-],322
171,CCCCCCCCCCCCCCCCCCCCCC,315
172,Nc1c(Cl)c(Cl)c(Cl)c(Cl)c1Cl,505
173,CC(C(=O)O)c1ccc(-c2ccccc2)c(F)c1,387
174,CN1CCC(O)CC1,301
175,CC(=O)c1cc2ccccc2o1,344
176,CCCCCCCCCCCCCCCCS,294
177,c1cnc2c(c1)ccc1cccnc12,391
178,C=CCC(C)CC,132
179,O=C(O)CCc1ccc(O)cc1,402
180,O=C(O)CCCCc1ccccc1,332
181,Cc1nc2ccccc2[nH]1,449
182,O=[N+]([O-])c1ccc(Oc2ccc(C(F)(F)F)cc2[N+](=O)[O-])cc1,363
183,CCOC(=O)Nc1ccc(NCc2ccc(F)cc2)nc1N,387
184,O=C(c1ccccc1)c1ccc(Cl)cc1,349
185,COc1cccc(O)c1O,315
186,CC=C1CCCC1,143
187,CCc1cc(C)ccc1C,219
188,C=CCCCCCCCC,207
189,c1ccc2n[nH]nc2c1,370
190,Nc1cccc(N)n1,393
191,CCCCCCCC#N,228
192,CCc1cc(C)cc(C)c1,189
193,CCc1ccc(C(=O)O)cc1,386
194,O=C1CCC(N2C(=O)c3ccccc3C2=O)C(=O)N1,548
195,O=[N+]([O-])c1cccc(CBr)c1,332
196,c1ccc([Si](c2ccccc2)(c2ccccc2)c2ccccc2)cc1,510
197,C1=CC=CCC=C1,193
198,CC(=O)O,289.7
199,Cc1nnc2n1-c1ccc(Cl)cc1C(c1ccccc1)=NC2,501.25
200,Cc1c(O)cccc1O,391
201,O=C(O)Cc1ccc(-c2ccccc2)cc1,434
202,CC(C)C(C)(C)C(C)C,171
203,O=C1c2ccccc2C(=O)N1CCCBr,347
204,c1ccc(C2CO2)cc1,236
205,O=C(O)C(O)c1ccc(Br)cc1,390
206,O=C(c1cccs1)c1cccs1,362
207,CCCCCCCCCCCCCCCCCCCCCCCCCCCCCCCCCCCCCCCC,354
208,O=Cc1c(Cl)cccc1Cl,343.5
209,Clc1sc(Cl)c(Cl)c1Cl,301
210,C=C(C#N)C(=O)OCC,251
211,O=C(O)CCCc1ccc(N(CCCl)CCCl)cc1,337
212,O=c1c(-c2ccc(O)cc2)coc2cc(O)cc(O)c12,573
213,c1ccc2c(c1)cc1ccc3cccc4ccc2c1c34,449
214,Cc1cccc(Cl)c1,225
215,COc1cc(CCC(C)=O)ccc1O,314
216,Cc1cc(C(C)(C)C)cc(C)c1CC1=NCCN1,404
217,C[C@]12CC[C@H]3[C@@H](CCC4=CC(=O)CC[C@@]43C)[C@@H]1CC[C@@H]2C(=O)CO,415
218,Cc1ccco1,184
219,O=C1OC(=O)C2C3C=CC(C3)C12,439
220,CCNc1ccccc1,209
221,O=C(O)c1ccc2c(c1)OCO2,506
222,COc1cccc(CC(=O)O)c1,343
223,Nc1ccc(S(=O)(=O)Nc2nccs2)cc1,473
224,O=C(c1ccccc1)c1ccc(C(F)(F)F)cc1,391
225,O=c1cc(-c2ccccc2)oc2c1ccc1ccccc12,426
226,CC1CCCCC1,146
227,Cc1cc(Cl)nc(Cl)n1,319
228,C=CC(N)=O,357
229,CCCCCCC=O,230
230,CC(C)(O)C(=O)O,352
231,O=C1Nc2ccccc2C1=O,473
232,Nc1ccc(N)c([N+](=O)[O-])c1,411.5
233,CC(C)(C)I,235
234,NC(=O)c1cc([N+](=O)[O-])cc([N+](=O)[O-])c1,455
235,NCCCCCCO,329
236,CC(=O)CC(=O)c1ccccc1,332
237,CCCCOC(=O)CCCCCCCCC(=O)OCCCC,262
238,OCC=Cc1ccccc1,303
239,CC1CCC(C)C1C,156.6
240,CC(C)CN,188
241,COC(=O)c1cccc(Br)c1,305
242,CC(=O)c1ccc(C(=O)O)cc1,482
243,CC(C)CCOC=O,180
244,c1ccc(-c2ncc[nH]2)cc1,421
245,C1CCCC1,179
246,CC(C)C(Br)C(=O)O,312
247,CC(C=CC=C(C)C=CC1=C(C)CCCC1(C)C)=CC=CC=C(C)C=CC=C(C)C=CC1=C(C)CCCC1(C)C,451
248,CC(C)(C)CC(=O)O,279
249,C=CCC1(c2ccccc2)C(=O)NC(=O)NC1=O,429
250,Cc1cccc(N)n1,316
251,CCOC(=O)c1ccc(O)cc1,389
252,O=C1C=CCO1,277
253,CC#N,227
254,Clc1ccc(Cl)c(Cl)c1Cl,320
255,O=c1c(O)c(-c2ccccc2)oc2ccccc12,443
256,O=C(O)CCc1c[nH]c2ccccc12,407
257,OCCN1CCCCC1,289
258,CCC(=O)c1ccccc1,291
259,O=C(c1ccccc1)c1ccccn1,316
260,CCCCCCCCI,227
261,CCC(C)(C)C,173
262,O=S1(=O)CCCC1,300
263,BrCc1ccc2ccccc2c1,326
264,CCN(CC)c1ccc(C=O)cc1,313
265,CCSSCC,171
266,COC(=O)c1ccc(OC)cc1,323
267,O=C(O)Cc1ccc(Cl)cc1,376
268,BrCC(Br)(Br)CBr,284
269,OCc1ccccc1,258
270,Oc1ccc(Sc2ccc(O)cc2)cc1,426
271,Cc1ccccc1Cc1ccccc1,280
272,N#CCc1ccccc1Cl,297
273,CCC(O)(CC)CC,260
274,CC1CC1,95.84
275,C=CC#N,189
276,Oc1cc(Cl)cc(Cl)c1,341
277,CCN(Cc1ccncc1)C(=O)C(CO)c1ccccc1,369
278,O=[N+]([O-])c1cccc2c([N+](=O)[O-])cccc12,489
279,Cc1ccc(S(=O)(=O)c2ccc(C)cc2)cc1,430
280,COc1cc(C(=O)O)cc(OC)c1O,478
281,O=C(Oc1ccc2ccccc2c1)c1ccccc1,380
282,COc1ccc2c(c1)CCCC2=O,352
283,C[Si]1(C)O[Si](C)(C)O[Si](C)(C)O[Si](C)(C)O1,290.5
284,CCC#CCCC,142
285,CCC1(c2ccccc2)CCC(=O)NC1=O,360.5
286,CC1(C)OC(=O)NC1=O,352
287,Cc1cccc(O)c1O,338
288,NC(=O)CS(=O)C(c1ccccc1)c1ccccc1,437
289,Cc1cccc(C)c1C,248
290,c1ccc(CNCCNCc2ccccc2)cc1,297
291,Nc1ccc(C(=O)NCC(=O)O)cc1,472.5
292,OCc1cc(Cl)cc(Cl)c1,351
293,BrCc1cccc(CBr)c1,348
294,N#Cc1cccc(C(F)(F)F)c1,289
295,BrCC(Br)CBr,290
296,BrC1c2ccccc2-c2ccccc21,376
297,COC(=O)c1ccc(C)cc1,310
298,CCCCCCCCCCCCCC=O,297
299,FC(Br)(Br)Br,199
300,CCCCCCCBr,215
301,COC(=O)C(O)(c1ccccc1)c1ccccc1,348
302,COCCOCCOC,209
303,CC(=O)Nc1ccccc1,387
304,CC(=O)Nc1cccc(Cl)c1,350
305,Cc1ccc([N+](=O)[O-])cc1C,303.5
306,O=Cc1cc([N+](=O)[O-])ccc1O,398
307,c1ccc2nc(-c3ccc4ccccc4n3)ccc2c1,468
308,O=C1CCCCC1=O,310
309,CCCCCCCCCCc1ccc(N)cc1,297
310,O=C1C(F)=C(F)C(=O)C(F)=C1F,452
311,C=Cc1ccccc1C,204
312,OCc1ccccc1O,358
313,O=C1Cc2ccccc2C1,327
314,Oc1cccc(O)c1O,405
315,C[C@]12C=CC(=O)C=C1CC[C@@H]1[C@@H]2[C@@H](O)C[C@@]2(C)[C@H]1CC[C@]2(O)C(=O)CO,513
316,c1ccc(P(c2ccccc2)c2ccccc2)cc1,353.5
317,CCCCCO,195
318,CC(C(=O)O)c1cccc(C(=O)c2ccccc2)c1,366
319,Cc1cccc(N)c1C,275
320,COC(=O)[C@H]1[C@H]2C[C@@H]3c4[nH]c5cc(OC)ccc5c4CCN3C[C@H]2C[C@@H](OC(=O)c2cc(OC)c(OC)c(OC)c2)[C@@H]1OC,538
321,C=CCC1(CC(C)C)C(=O)NC(=O)NC1=O,411
322,NC(=S)c1c(Cl)cccc1Cl,424
323,CS(=O)(=O)c1ccccc1,360
324,O=C1c2ccccc2C(=O)C1c1ccccc1,422.5
325,COc1ccccc1Br,275
326,COC(=O)C(=O)OC,325
327,Cc1cc(C)nc(N)n1,426
328,NC(=O)c1ccccc1Br,433
329,C=CC(C)(C)CC,139
330,O=[N+]([O-])c1cc(S(=O)(=O)c2ccc(F)c([N+](=O)[O-])c2)ccc1F,467
331,NCCCCCCN,312
332,CC1(C)COC(=O)C1O,363
333,CCOS(=O)(=O)OCC,249
334,O=C(Cl)C(c1ccccc1)c1ccccc1,326
335,CCCCl,151
336,CNc1ccc(Cl)cc1C(=O)c1ccccc1,367
337,Cc1cc(C)c(Br)cc1C,344
338,Fc1ccc(C(F)(F)F)cc1,231
339,Fc1ccccc1-c1ccccc1,346.5
340,CCCCOc1ccc(O)cc1,338
341,CCc1ccc(CC)cc1,230
342,CCOc1ccc(O)cc1,339
343,CC(=O)c1ccc(C#N)cc1,331
344,CCCCCCCCCCCCCC(=O)OCC,285
345,CCCCCCCCl,203
346,OCCCCO,291
347,NNC=O,330
348,Clc1ccc2ccccc2n1,309
349,NNC(=O)Nc1ccccc1,397
350,O=[N+]([O-])c1cccc(O)c1,370
351,ON=C1CCCC1,329
352,COc1ccc(C(N)=O)cc1,438
353,CCCCP(=O)(CCCC)CCCC,340
354,OC1c2ccccc2-c2ccccc21,426.5
355,CC(=O)NO,361
356,O=C(O)CCCCCCCBr,312
357,c1ccc(Nc2ccc(Nc3ccccc3)cc2)cc1,420
358,CC(=O)C(C)(C)C,220.5
359,COc1ccccc1OC(=O)Oc1ccccc1OC,360
360,C=CCCCCCCCCCCCCCCCC,289
361,N#Cc1c[nH]cc1-c1cccc2c1OC(F)(F)O2,472.4
362,COC(=O)c1c(Cl)c(Cl)c(C(=O)OC)c(Cl)c1Cl,430
363,O=Cc1ccc2c(c1)OCO2,309
364,Nc1cc(Cl)c(Cl)cc1Cl,367
365,CS(C)(=O)=O,382
366,OC1CCCCCCCCC1,312.85
367,C1CSCCS1,384
368,c1ccc(COc2ccc(OCc3ccccc3)cc2)cc1,400
369,CC1(C)[C@@H]2CC[C@@]1(C)C(=O)C2,451
370,Oc1c(I)cc(I)cc1I,431
371,c1ccc2cnncc2c1,364
372,CCC1(CCC(C)C)C(=O)NC(=O)NC1=O,429
373,O=[N+]([O-])c1cccc(CO)c1,305
374,Oc1c(F)cccc1F,311
375,O=Cc1cc(O)ccc1O,371
376,NNC(=O)c1ccncc1,444
377,CC(C)C(N)=O,402
378,OCCOCCO,263
379,Nc1ccc(F)c([N+](=O)[O-])c1,369
380,N#Cc1ccccc1[N+](=O)[O-],382
381,CC(C)C=O,208
382,O=C(O)Cc1c(Cl)cccc1Cl,432
383,O=S1(=O)CCN(CN2CCS(=O)(=O)NC2)CN1,427
384,CCCCOP(=O)(OCCCC)OCCCC,193
385,SCc1ccccc1,243
386,COc1cccc([N+](=O)[O-])c1,311
387,CC(=O)NC12CC3CC(CC(C3)C1)C2,421
388,Nc1cnc2ccccc2c1,367
389,CC(C)(C)c1ccccc1O,266
390,COc1ccc(C)cc1OC,300
391,Cc1ccc(N)cc1C,324
392,Cc1ccc(O)c(C(C)(C)C)c1,325
393,O=[N+]([O-])c1ccc(C=NO)cc1,403
394,COC(=O)c1c[nH]c2ccccc12,424
395,OCc1cccnc1,266
396,N#Cc1ccc2c(c1)OCO2,366
397,O=C(O)c1cc([N+](=O)[O-])ccc1Cl,439
398,O=C=S,134
399,c1ccc(C(=C(c2ccccc2)c2ccccc2)c2ccccc2)cc1,497
400,O=Cc1cccc2c1CCOC2=O,413
401,O=C(O)c1c(F)cccc1F,431
402,CCOC(=O)c1ccccc1N,286
403,O=[N+]([O-])c1cccc2cccc([N+](=O)[O-])c12,444.5
404,Cc1ccc(C)c(C)c1C,267
405,O=C1OC2(c3ccc(O)cc3Oc3cc(O)ccc32)c2ccccc21,593
406,COC(=O)c1ccc(C(=O)O)cc1,494
407,CCCCCCCCCCCCCCCCCCS,305
408,O=[N+]([O-])c1cccc(Cl)c1,318
409,C1=CCCCCCC1,257
410,CC(C)(C)c1ccc(O)c(O)c1,328
411,Clc1nc(Cl)c(Cl)c(Cl)c1Cl,398
412,O=C1CCC1,222
413,O=Cc1cc(Br)cc(Br)c1O,356
414,CCOS(=O)(=O)c1ccc(C)cc1,307
415,CC(C)(c1ccccc1)c1ccc(O)cc1,344.5
416,COc1ccc(C(=O)c2ccccc2)cc1,335
417,C=C(C)C,133
418,O=c1cc(-c2ccccc2)oc2ccccc12,370
419,Nc1ccc2ccccc2c1,384.5
420,O=C(c1ccccc1)c1cccc(C(F)(F)F)c1,325
421,O=C(Cl)c1ccc(Br)cc1,313
422,CCc1cc(C)c(C)cc1C,259
423,Cc1ccnc(C)c1,213
424,C=C(CC)CC,141
425,Oc1nc2cc(Cl)ccc2o1,464
426,C=CCN,185
427,CC#CC,241
428,O=C(O)CCCc1ccccc1,324
429,CC(C=CC1=C(C)CCCC1(C)C)=CC=CC(C)=CCO,336
430,CCCCCOC(=O)CCC,200
431,CCc1nc(N)nc(N)c1-c1ccc(Cl)cc1,506
432,OCCCCCCCCCCCCO,356
433,CCC(CC)C(C)C,158
434,O=[N+]([O-])c1cccc(C(F)(F)F)c1,268
435,CCC#N,181
436,OCCN(CCO)CCO,292.5
437,O=C(O)C(F)(F)Cl,295
438,O=C(O)Cc1c(Cl)ccc(Cl)c1Cl,429
439,Oc1c(Cl)cc(Cl)cc1Cl,338
440,CC(N)=O,354
441,c1ccc(COc2ccccc2)cc1,312
442,CC(Cc1ccccc1)NC(C#N)c1ccccc1,358
443,ON=Cc1ccccc1,309.5
444,O=c1[nH]c(=O)n([C@H]2C[C@H](O)[C@@H](CO)O2)cc1F,423.5
445,CCCCCCC(O)CCCC,269
446,CC1OC1C,188
447,Cc1cccc(C)c1[N+](=O)[O-],288
448,Clc1cc(Cl)c(Cl)c(Cl)c1Cl,358
449,Cc1ccc([N+](=O)[O-])cc1Br,349
450,Nc1ccc(Br)cc1[N+](=O)[O-],385
451,CC(=O)Nc1cccc(C)c1,338
452,Nc1cccc2c1C(=O)c1ccccc1C2=O,523
453,Ic1ccc(-c2ccccc2)cc1,385
454,Oc1ccc(-c2ccccc2)cc1,440
455,O=C(CCCN1CCC(n2c(=O)[nH]c3ccccc32)CC1)c1ccc(F)cc1,443
456,CCCC(=O)NN,317
457,OCCc1c[nH]c2ccccc12,331
458,CC(=O)Nc1ccc(Cl)cc1F,429
459,ClCCCl,238
460,O=C(Cc1ccccc1)c1ccccc1,328
461,Cc1cccc(C(C)C)c1,209
462,Brc1ccc(Oc2ccc(Br)cc2)cc1,331
463,CCCC1CCCCC1,178
464,CCCCCC,178
465,CC(C)COC(=O)C(C)C,192
466,CNC,181
467,c1ccc(Cc2ccccn2)cc1,283
468,O=C(O)c1ccc(I)cc1,546
469,O=Cc1cc(Cl)ccc1O,374
470,C[C@]12CC[C@@H]3c4ccc(O)cc4CC[C@H]3[C@@H]1CC[C@@H]2O,449
471,O=c1ccc2ccccc2[nH]1,471
472,O=C(Cl)c1cccc(C(=O)Cl)c1,317
473,O=C(/C=C/c1ccccc1)OCc1ccccc1,308
474,NC(=O)c1cccnc1,403
475,O=CC(O)C(O)C(O)C(O)C(=O)O,439
476,CC(CCC(=O)O)CC(=O)O,373
477,COc1ccc(/C=C/C(=O)O)cc1,446
478,CCCCCCCCCCCCCCCCCCCCCCCCCCCC,335
479,O=C1C=Cc2cccc3cccc1c23,427.5
480,O=C[C@H](O)[C@@H](O)[C@@H](O)[C@H](O)CO,439
481,O=[N+]([O-])c1ccc(O)c(O)c1,449
482,CC(=O)Nc1ccccc1Cl,360
483,c1ccc(COc2ccc3[nH]ccc3c2)cc1,372
484,CCCOC1CCC2(C)C(CC(=O)C3C2CCC2(C)C(OCCC)CCC32)C1,434
485,CC(C)(C)c1ccc(O)cc1,372
486,Cc1ccccc1Cl,237
487,C1CN2CCN1CC2,431
488,Nc1ncnc2c1ncn2[C@@H]1O[C@H](CO)[C@@H](O)[C@H]1O,507
489,CCC(C)=NO,243.5
490,COC1=C(OC)C(=O)C(C)=CC1=O,331.5
491,CC(C)(C)O,298
492,Fc1ccccc1I,231
493,CCc1cc2cc(OC)c(OC)cc2c(Cc2ccccc2)n1,351
494,CCN1CCOCC1,210
495,COc1ccc(I)cc1,323
496,CCOC(=O)c1c[nH]nc1N,379
497,CN1CCCC1=O,250
498,Cc1c([N+](=O)[O-])cc([N+](=O)[O-])cc1[N+](=O)[O-],353
499,O=C(Cl)CCCCCCCCC(=O)Cl,268
500,O=C(O)c1ccc(F)cc1F,461
501,Nc1c(Br)cc([N+](=O)[O-])cc1[N+](=O)[O-],425
502,N#Cc1nn(-c2c(Cl)cc(C(F)(F)F)cc2Cl)c(N)c1S(=O)C(F)(F)F,472
503,CCOC(=O)CCl,247
504,CC/N=c1/nc(Cl)[nH]/c(=N\C(C)C)[nH]1,450
505,O=[N+]([O-])c1cccs1,317
506,COc1ccc2ccccc2c1C=O,357
507,C#CCCC(C)C,149
508,CCCCCCCCC(=O)Cl,212
509,Oc1c(Cl)cc(Cl)c2cccnc12,454
510,O=C(OC(=O)C(F)(F)F)C(F)(F)F,210
511,COc1ccc(Cc2nccc3cc(OC)c(OC)cc23)cc1OC,420
512,O=C(C=C1Cc2ccccc21)c1ccccc1,323
513,O=C(O)c1cc(Cl)cc(Cl)c1O,497
514,Cc1oncc1C(=O)Nc1ccc(C(F)(F)F)cc1,438.5
515,CC=CC,168
516,CC(=O)OC1CCC2(C)C(CC(=O)C3C4CCC(=O)C4(C)CCC32)C1,437
517,BrCCCCBr,253
518,O=C(O)Cc1ccc(C(F)(F)F)cc1,353
519,C=Cc1ccccc1Cl,210
520,C=CC(=O)OCC,202
521,Cc1cccc(O)c1C,345
522,OCC(Br)(Br)Br,352
523,O=[N+]([O-])c1c(O)cccc1O,356
524,COc1cc(Cl)cc(Cl)c1,313
525,N[C@@H](Cc1cnc[nH]1)C(=O)O,555
526,CC12CCC(C1)C(C)(C)C2=O,278
527,N#[N+][O-],182.2
528,O=C(O)CCOc1ccccc1,371
529,CCC,85
530,CC(=O)Oc1ccc(-c2ccccc2)cc1,361
531,O=C1c2ccccc2-c2cccc3cccc1c23,443
532,O=NN1CN2CN(C1)CN(N=O)C2,480
533,CC(C)(C)C(=O)O,306
534,CN1CCC(CN2c3ccccc3Sc3ccccc32)C1,360
535,COC(=O)c1ccccc1C(=O)OC,275
536,NC(=O)c1c(F)cccc1F,420
537,CCCCC#N,177
538,O=C(Oc1ccccc1)Oc1ccccc1,352
539,Sc1nc2ccccc2s1,452
540,c1ccc(CN(Cc2ccccc2)Cc2ccccc2)cc1,366
541,O=C(O)c1cccc(Cl)c1,429
542,CC(CO)(CO)[N+](=O)[O-],423
543,CCC(CC)CC,154
544,CCOc1ccc(C(C)=O)cc1,310
545,O=C(O)/C=C/c1cccc(Br)c1,450
546,Nc1nccs1,363
547,N#Cc1cc([N+](=O)[O-])c(Cl)c([N+](=O)[O-])c1,414
548,CN1[C@@H]2CC[C@H]1CC(=O)C2,315
549,Cc1ccc(P(c2ccc(C)cc2)c2ccc(C)cc2)cc1,418
550,CCCCCC(=O)OC(=O)CCCCC,233
551,C=CC(=O)NC(C)(C)C,402
552,C#CCCCCCCCCCCCCCCCC,300
553,CN(C)c1ccc(C(=O)c2ccc(N(C)C)cc2)cc1,448
554,OCCNCCO,301
555,O=[N+]([O-])c1cccc(S(=O)(=O)Cl)c1,334
556,Oc1ccccn1,380
557,O=C(O)/C=C/c1ccc(Br)cc1,535
558,Clc1cncc(Cl)c1,338
559,CCN(CC)CCCC(C)Nc1ccnc2cc(Cl)ccc12,360
560,CC(C)(C)C(=O)CC#N,341
561,Cc1ccccc1C,248
562,O=P(O)(O)CP(=O)(O)O,476
563,O=C(O)c1cccc([N+](=O)[O-])c1C(=O)O,483
564,O=[N+]([O-])c1cccc2cccnc12,361
565,NCCCCNCCCN,296.5
566,COB(OC)OC,239
567,CC1(O)CCCC1,310
568,CC(C)=CC=C(C)C,286
569,c1ccc(CCc2ccccc2)cc1,325
570,CCCCNC(=S)NCCCC,339
571,Cc1ccccc1,180
572,CCCCO,184
573,Nc1ccc(Cl)cc1Cl,334
574,CCOc1ccc2ccccc2c1,309
575,NNC(=O)c1ccccc1[N+](=O)[O-],394
576,N#CCC(=O)c1ccccc1,354
577,COc1ccc([N+](=O)[O-])c(OC)c1,347
578,Cc1cccc(C(C)(C)C)c1,232
579,O=C(O)c1ccsc1,412
580,Brc1ccc(I)cc1,364
581,Nc1cccnc1,334
582,N#CCc1cccc(Br)c1,301
583,O=C(O)c1cc2ccccc2o1,467
584,COC1=CC(=O)C=C(OC)C1=O,526
585,CCOc1ccccc1C(=O)O,293
586,CCNc1nc(NC(C)(C)C)nc(SC)n1,378
587,O=C(Cl)N(c1ccccc1)c1ccccc1,357
588,OCC(F)(F)F,229.5
589,Cc1cc(O)c2ccccc2n1,508
590,OCc1cccc(Oc2ccccc2)c1,283
591,O=[N+]([O-])c1ccc(O)cc1,388
592,CCCCCCCCCCCCCCCCCCCCC,312
593,CCN,192
594,Cc1ccc(N)cc1,316
595,CC(C)(C)OC(=O)NCC(=O)O,361.5
596,COc1cc(C#N)ccc1O,360
597,CCO,159
598,CC,89.67
599,CC(C)NCC(O)COc1cccc2[nH]ccc12,443
600,c1ccc2[nH]ccc2c1,325
601,Oc1ccc(Oc2ccccc2)cc1,353
602,Nc1ccc(-c2ccccc2)cc1,326
603,O=C(O)c1ccoc1,395
604,NC(=O)Oc1ccccc1,424
605,CN1Cc2c(N)cccc2C(c2ccccc2)C1,452
606,Cc1ccccc1B(O)O,436
607,CC(=O)c1cccc([N+](=O)[O-])c1,354
608,O=[N+]([O-])c1cc(C(F)(F)F)cc([N+](=O)[O-])c1Cl,330
609,Nc1cc(Br)ccc1Br,324
610,CCOC(=O)c1ccc(O)cc1,389
611,CCOC=O,192
612,CCCCSCC,178
613,Cc1cccc(C(N)=O)c1,369
614,CCS,125
615,Clc1cc(Cl)nc(Cl)n1,296
616,O=C(O)c1cc(Br)ccc1Br,428
617,Cc1cccc([N+](=O)[O-])c1N,368
618,CC(C)C(C)(C)O,263
619,O=C1CCCCN1,310
620,II,386.5
621,NNC(=O)c1ccco1,352
622,CC(C)C1CCCC1,162
623,N#Cc1ccccc1O,366.5
624,CCCOc1ccccc1,245
625,c1ccc2cnccc2c1,299
626,O=[N+]([O-])c1ccccc1O,317
627,c1ccc2c(c1)CCCC2,242
628,O=C(O)CCSCCC(=O)O,404
629,CCN(C(C)C)C(C)C,223
630,CCC(=C(c1ccccc1)c1ccc(OCCN(C)C)cc1)c1ccccc1,369
631,CCC1CCCC1C,167.1
632,Nc1ccc([N+](=O)[O-])cc1N,472
633,C=CC=O,186
634,FC(F)(F)F,89
635,CC(=O)c1ccc(Cl)cc1,292
636,C=CCBr,154
637,O=C1C=CC(=O)C2C3C=CC(C3)C12,346
638,Cc1cc(CC(=O)O)n(C)c1C(=O)c1ccc(Cl)cc1,451
639,CCCCCCCCCCCCCCCCCCCCCCCCCCCCCCCC,343
640,COc1cccc(OC)c1C(C)=O,343
641,CC(=O)Oc1ccccc1OC(C)=O,337
642,Ic1ccc(I)cc1,404
643,CC(C)c1ncc([N+](=O)[O-])n1C,334
644,C=CC(=C)C,127
645,CCN1CCNC(=O)C1=O,383
646,C=CCCCCCCCCC(=O)O,297
647,COc1cc(OC)c(OC)cc1C=O,387
648,O=C(CCCN1CCC2(CC1)C(=O)NCN2c1ccccc1)c1ccc(F)cc1,463
649,Oc1cc2ccccc2cc1O,437
650,BrCc1ccccc1,270
651,C=CCCC=C,132
652,CCCCC(CC)COP(=O)(OCC(CC)CCCC)OCC(CC)CCCC,203
653,C1=CC2C=CC1C2,253
654,CC(C(=O)O)(c1ccccc1)c1ccccc1,446
655,CC(C)(C)c1ccc(N)cc1,288
656,O=C(O)CCCCCCCCCCCCCCCO,372
657,CCOC=C(C#N)C#N,338
658,O=Cc1cc2ccccc2c2ccccc12,375
659,CC(=O)C(C)C,181
660,CC(C)=CC(C)C,145
661,Cc1cc(Cl)nc2ccccc12,328
662,C(#Cc1ccccc1)c1ccccc1,333
663,OCCSSCCO,298
664,O=S(=O)(Cc1ccccc1)c1ccccc1,422
665,CCNC(=O)NCC,383
666,Nc1ccc(Cl)c([N+](=O)[O-])c1,373
667,Nc1cccc2ncccc12,381
668,Oc1ccc2c(c1)CCCC2,335
669,COc1cc(OC)c(C=O)c(OC)c1,393
670,OCc1ccc2c(c1)OCO2,326
671,CC(=O)Nc1ccccc1C(=O)O,457
672,CCC(C)=C(C)C,155
673,CC(=O)Nc1ccc(Cl)cc1,451
674,Cc1cc(C)c(C)c(C)c1C,327
675,O=C(Cl)c1cc(C(=O)Cl)cc(C(=O)Cl)c1,309
676,BrCCCCCCBr,275
677,Nc1cccc(CO)c1,366
678,C=C[C@H]1C[N@@]2CC[C@H]1C[C@H]2[C@H](O)c1ccnc2ccccc12,473
679,Oc1c(Br)c(Br)c(Br)c(Br)c1Br,503
680,CC(=O)c1cccnc1,285
681,N#CCCC#N,329
682,CCCCCCCCCCCCCC(C)=O,312
683,NC(=O)c1ccc([N+](=O)[O-])cc1Cl,443
684,c1ccc(Nc2ccc(-c3ccc(Nc4ccccc4)cc3)cc2)cc1,521
685,NC(=O)c1ccccc1[N+](=O)[O-],449
686,CC(=O)c1ccc(-c2ccccc2)cc1,393
687,COc1ccc2cc([C@H](C)C(=O)O)ccc2c1,428
688,CCCCCCCCCCCCCCCCCO,330
689,Cc1ccc(O)c(C)c1,295
690,O=C(CCNNC(=O)c1ccncc1)NCc1ccccc1,424.6
691,CCCc1ccc(O)cc1,294
692,Cc1cccc(C)c1Cl,237
693,CC1=CCC(C(C)(C)O)CC1O,404
694,COc1ccc2nc(N)sc2c1,439
695,Nc1ccccc1C(=O)O,417
696,C=CCCCC,133
697,OCC(F)(F)C(F)(F)C(F)(F)CO,351
698,N#Cc1ccc([N+](=O)[O-])cc1,422
699,C=C(C)[C@@H]1CCC2=CC(=O)C[C@@H](C)[C@]2(C)C1,309
700,CCC(=O)OC(Cc1ccccc1)(c1ccccc1)C(C)CN(C)C,348
701,C1CCc2nnnn2CC1,330.5
702,CCCCCCCCOc1ccc(C(=O)O)cc1,376
703,ClCC1CC1,182
704,CCCCCCCCCCCCN(C)C,253
705,C[Si](C)(C)[Si](C)(C)C,285
706,Cc1csc(S)n1,361
707,c1ccc2c(c1)ccc1cccnc12,323
708,CCOC(=O)C(NC(C)=O)C(=O)OCC,371
709,[O-][n+]1ccccc1,337
710,Cc1ccc(S(=O)(=O)NC(=O)NN2CCCCCC2)cc1,443
711,C#CCC(C)C,168
712,CC(Oc1ccccc1Cl)C(=O)O,387
713,O=Cc1ccccc1[N+](=O)[O-],319
714,c1ccc(-c2ccc(-c3ccccc3)cc2)cc1,486
715,CC(=O)c1ccccc1C(=O)O,389
716,Cc1ccc(O)c(O)c1,341
717,CCOC(=O)CCCCCCCCC(=O)OCC,275
718,Cc1cccc(C(=O)O)c1,383
719,CN1CCC(N(Cc2cccs2)c2ccccc2)CC1,368
720,Cn1ccc(=O)n(C)c1=O,394
721,C=C(C)CCC,137
722,C=C(CC(=O)OC)C(=O)OC,309
723,O=C(O)c1cccc(F)c1,396
724,ClC(Cl)(Cl)Br,267
725,CCCCCCC(=O)Cl,189
726,c1ccc(-c2nnc(-c3ccccn3)nc2-c2ccccc2)cc1,464
727,c1cnc2[nH]ccc2c1,378
728,COc1ccc(C=Nc2ccccc2)cc1,338
729,Nc1ccc([N+](=O)[O-])cc1[N+](=O)[O-],449.5
730,O=C(O)CCCc1c[nH]c2ccccc12,396
731,ClC(Cl)Cl,210
732,Brc1ccc(Br)c(Br)c1,317
733,CC(=O)c1cccc(C(C)=O)c1,309
734,CC(C)Cc1ccc(C(C)C(=O)O)cc1,349
735,Brc1ccc2ccccc2c1,327
736,O=C(O)C(Cl)=C(Cl)Cl,346
737,CC(C)(C)Br,253
738,O=S=O,200
739,COC(=O)c1ccccc1O,264
740,Cc1ccc(N=C=S)cc1,298
741,C=CCCCCCCCCCCCCCC,277
742,ClC1c2ccccc2CCc2ccccc21,380
743,C[Si](C)(C)C#C[Si](C)(C)C,295
744,COC,135
745,CCOc1ccccc1O,299
746,COc1cc(CO)ccc1O,387
747,c1ccc2c(c1)CCC2,222
748,O=C1c2ccccc2C(=O)c2cc(Cl)ccc21,482
749,CCOC(=O)Nc1ccc2c(c1)N(C(=O)CCN1CCOCC1)c1ccccc1S2,429
750,O=C(O)c1ccc(O)c(Cl)c1,442
751,C1CNCCNC1,314
752,CNC(=O)c1ccccc1,352
753,ClCc1cccc(CCl)c1,309
754,O=C(Cl)c1ccccc1Br,283
755,CCc1ccccc1N,229
756,C1=Cc2ccccc2C1,271
757,CCCCCCCCCCCCCCC,282.9
758,Brc1ccc(Br)cc1,361
759,CC(=O)Nc1ccccc1C,384
760,C=CC(=O)OC,198
761,CCC(C)C(C)(C)C,161
762,Oc1cccc(Nc2ccccc2)c1,354.5
763,CNC(=O)Oc1cccc2ccccc12,415
764,CCO[Si](OCC)(OCC)OCC,187
765,CN1CCC(N(Cc2ccccc2)c2ccccc2)CC1,387
766,C=CCSCC=C,190
767,CN1CCN(CCCN2c3ccccc3Sc3ccccc32)CC1,326
768,CCCCCC(C)C,164
769,O=C(O)c1ccc2ccccc2n1,431
770,CC(=O)c1cccs1,283
771,N#Cc1cccc(N)c1,325
772,CCCC(=O)O,268
773,Brc1cnc2ccccc2c1,287
774,c1c[nH]nn1,297
775,Cc1cc(O)cc(O)c1,380
776,CCc1ccccc1,178
777,Ic1cccc(I)c1,309
778,CCCCCCCCCCC1CCCCC1,271
779,O=C(O)c1ccccc1-c1ccccc1,385
780,Cc1cccc(C)c1,226
781,Cc1cc(C2(c3cc(C)c(O)c(Br)c3)OS(=O)(=O)c3ccccc32)cc(Br)c1O,514
782,O=C1C(O)=C(Cl)C(=O)C(O)=C1Cl,556
783,c1cc2c3c(cccc3c1)CC2,368
784,OCCc1ccc(O)cc1,364
785,CCCCC(N)=O,376
786,CCCCC(O)CCC,232.3
787,O=C(O)C(Cl)(Cl)Cl,330
788,Oc1ccc2c(c1)CCC2,326
789,O=C(O)CCCC(=O)c1ccccc1,400
790,CC(=O)OC(C)C,200
791,CCC(=O)N(c1ccccc1)C1CCN(CCc2ccccc2)CC1,356
792,Cc1cccc(-c2cccc(C)c2)c1,280
793,Nc1ccc2c(c1)CCC2,308
794,N#CC(Br)(Br)C(N)=O,396.5
795,COc1ccc2c3c1O[C@H]1[C@@H](O)C=C[C@H]4[C@@H](C2)N(C)CC[C@@]341,428
796,COc1ccc(Cl)cc1N,356
797,CS(=O)(=O)OCCCCOS(C)(=O)=O,389
798,O=C(O)c1ccccc1,395
799,COc1cc(N)ccc1C,331
800,CC(=O)c1ccc(Br)s1,368
801,CC(C)C(C)C,145
802,O=C1CCO1,239
803,FC(F)(F)c1ccc(Cl)cc1,237
804,O=[N+]([O-])c1cccc([N+](=O)[O-])c1,362
805,Cc1cc(C)c(C)c(C)c1,249
806,O=C1CC[C@@H](C(=O)O)N1,434.5
807,COc1cccc(C(=O)O)c1,379
808,COc1ccccc1C(=O)O,372
809,Oc1ccccc1,314
810,O=C1Nc2ccc(Cl)cc2C(c2ccccc2)=NC1O,478
811,O=C(n1ccnc1)n1ccnc1,391
812,O=C1C=C(Cl)C(=O)C=C1Cl,434.5
813,COc1ccc(C(=O)c2ccc(OC)cc2O)c(O)c1,408
814,COc1cc(Cl)ccc1C(=O)O,419
815,O=C1CCCCCCCCC1,297
816,C1=CC2CCC1C2,319
817,Cc1ccc(C(=O)Cl)cc1,271
818,ICCI,353
819,S=C=Nc1cccc2ccccc12,331
820,CCCC#N,161
821,Cc1nnc(N)s1,497.85
822,Oc1ccc(Cc2ccc(O)cc2)cc1,434
823,C=CCCCCC,154
824,COc1cccc(C(=O)NN)c1,365
825,Oc1nc2ccccc2s1,411
826,O=P(Oc1ccccc1)(Oc1ccccc1)Oc1ccccc1,323.5
827,CC1=C(C)CCC1,183
828,CCOc1ccc2ccccc2c1C=O,385
829,N#CCc1ccc(Cl)cc1,304
830,C=Cc1ccc(-c2ccccc2)cc1,389
831,Cc1ncc([N+](=O)[O-])[nH]1,526
832,CN1CCN(C)C1=O,281
833,C=Cc1ccc(F)cc1,237
834,CN1C(=O)OC(C)(C)C1=O,320
835,O=C1CCCCCCCCCCCCCCO1,308
836,CC(C)CBr,155
837,CC(=O)CCC(C)=O,266
838,c1ccc(OCC2CO2)cc1,277
839,Cc1ccc(Cl)cc1,280.5
840,CC(C)c1ccc(O)cc1,334
841,Nc1ccc2ccc3cccc4ccc1c2c34,389
842,CCOc1ccc(OCC)cc1,343
843,O=[N+]([O-])c1ccc(O)c(F)c1,392
844,Cc1csc(N)n1,317
845,NNC(=O)c1ccc(N)cc1,501
846,N#Cc1cccc([N+](=O)[O-])c1,390
847,CCC(=O)c1cc(O)ccc1O,371
848,Cc1c(Br)cc(Br)cc1Br,342
849,O=C(OCc1ccccc1)c1ccccc1C(=O)OCc1ccccc1,314
850,BrCCCCOc1ccccc1,315
851,Clc1ccc(-c2nc3c4ccccc4ccn3n2)cc1,511
852,c1ccc(CN(Cc2ccccc2)c2ccccc2)cc1,343
853,O=[N+]([O-])c1cccc2ccccc12,335
854,O=C(c1ccccc1)c1ccc(Br)cc1,355
855,O=C(O)c1ccc(OC(F)(F)F)cc1,426
856,COc1c(Cl)cc(Cl)cc1Cl,334
857,CC1CC(C)C(C)C1,140.4
858,Cc1ccccc1NC(=N)Nc1ccccc1C,450
859,C=Cc1ccc(Br)cc1,278
860,c1ccc(-c2ccccc2)cc1,342
861,C1CCCCCCC1,285
862,c1ccc(-c2nc3ccccc3s2)cc1,387
863,CC1(C)CCCCC1,240
864,CCSC,167
865,O=[N+]([O-])c1cccc(Cl)c1Cl,335
866,c1ccc2cc3ccccc3cc2c1,489.3
867,CCOC(C)=O,189
868,O=C(O)Cc1cccc(F)c1,319
869,C=Cc1cccc([N+](=O)[O-])c1,268
870,C#Cc1ccccc1,228
871,CCCC(=O)CC,218
872,CCOC(=O)c1cc2ccccc2[nH]1,397
873,C=C(Cl)C(=O)O,338
874,O=C1Nc2ccc(Cl)cc2C(c2ccccc2Cl)=NC1O,439
875,Cc1cccc2c(C)cccc12,353
876,C1=CCCCC1,169
877,CC(=O)N[C@@H](CS)C(=O)O,383
878,Cc1ccccc1-c1ccccc1C,291
879,Cc1cccc2c1ccc1cc(C(C)C)ccc12,372
880,CC(C)CC1CCCC1,158
881,Cc1cc(=O)cc(C)o1,407
882,O=C(O)c1cccnc1,509.6
883,Cc1ccc(S(=O)(=O)Cl)cc1,341
884,O=C(O)c1ccc(Cl)cc1,516
885,Cc1ccccc1O,306
886,c1ccc2[nH]cnc2c1,444
887,OC1c2ccccc2Oc2ccccc21,396
888,CCOC(=O)C(C(=O)OCC)c1ccccc1,289
889,OC1CCc2ccccc21,325
890,CC(C)=CC(=O)O,340
891,O=C1OC(c2ccc(O)cc2)(c2ccc(O)cc2)c2ccccc21,533
892,COC(=O)CS(=O)(=O)c1ccccc1,303
893,CC1CCC2CC1C2(C)C,220
894,CCCCC[C@H](O)/C=C/[C@H]1[C@H](O)CC(=O)[C@@H]1CCCCCCC(=O)O,388.5
895,OCCCCCCO,318
896,CC(=NNC(=O)c1ccncc1)c1ccco1,472
897,CC(C)[C@@H]1CC[C@@H](C)C[C@H]1O,315
898,O=C(O)CCCCCCCCC(=O)O,407.5
899,Cc1ccc(S(N)(=O)=O)cc1,412
900,O=c1ccc2ccc(O)cc2o1,503
901,CC(C)(C)NCC(O)c1cc(O)cc(O)c1,392
902,CCc1cccc(C)c1C,223
903,C=CCc1ccccc1OCC(O)CNC(C)C,381
904,COc1cc(C(=O)O)ccc1O,484.5
905,O=C(O)CCC(=O)c1ccc(-c2ccccc2)cc1,459
906,O=S(=O)(Cl)c1ccc(Br)cc1,348
907,Cc1ccc([N+](=O)[O-])c([N+](=O)[O-])c1,329
908,CCCCCCCCCCCCCC(=O)O,328.1
909,O=C1NS(=O)(=O)c2ccccc21,502
910,Nc1ccc([N+](=O)[O-])cn1,461
911,CCCC(=O)OCC,180
912,NC(N)=O,409
913,Nc1ccc(Cc2ccc(N)cc2)cc1,363
914,C=CCCCCCCC,192
915,CC(C)(Br)C(=O)O,317
916,CCCCC1C(=O)N(c2ccccc2)N(c2ccccc2)C1=O,380
917,C=CCn1c(=O)n(CC=C)c(=O)n(CC=C)c1=O,297
918,O=[N+]([O-])c1ccccc1I,323
919,CCCCCCCCCCBr,243
920,CCCCCCCN,250
921,C[C@H](CCC(=O)O)[C@H]1CC[C@H]2[C@@H]3[C@H](O)C[C@@H]4C[C@H](O)CC[C@]4(C)[C@H]3C[C@H](O)[C@]12C,474
922,BrCCCOc1ccccc1,283
923,C1=Cc2cccc3cccc1c23,364
924,CCOP(=S)(OCC)Oc1nc(Cl)c(Cl)cc1Cl,315.5
925,CCN1CCCC1CNC(=O)c1cc(S(N)(=O)=O)ccc1OC,451
926,CCCCCCCCCCCCCCCCCCCCCCCCCCCCCCCCCCCC,349
927,Cc1ccc(Cl)cc1N,296
928,O=C1OC(=O)C2C1C1(Cl)C(Cl)=C(Cl)C2(Cl)C1(Cl)Cl,510
929,Cc1cccc([N+](=O)[O-])c1,288.5
930,CC(=O)c1ccco1,302.5
931,CC(C)(C)Cl,247
932,CC(=O)c1ccc(I)cc1,356
933,NCCc1ccc(O)cc1,437
934,O=C(O)CI,354
935,CCC(C)OC(C)=O,174
936,Oc1ccc2c(c1)[nH]c1ccccc12,545
937,Cc1ccc(-c2ccc(C)cc2)cc1,393
938,NCCCCN,300.5
939,N#Cc1c(Cl)cccc1Cl,417
940,O=C1c2ccccc2Cc2ccccc21,429.5
941,O=C(O)c1cc([N+](=O)[O-])cc([N+](=O)[O-])c1,479
942,O=C1C=CC(=O)C=C1,387
943,N#CI,419
944,NS(=O)(=O)Cc1noc2ccccc12,435
945,Cc1ccc(C(C)C)cc2c(C)ccc1-2,305
946,CC1CCC1,111.49
947,CCCO,146
948,N#CCc1cccc(CC#N)c1,306
949,CNC(=O)NC(C)=O,451
950,c1ccc(-c2cnc(-c3ccccc3)o2)cc1,345
951,CCCCCCCCO,257
952,C=CC(C)(C)C,158
953,Cc1ccc2nc(C)ccc2c1,330
954,O=[N+]([O-])c1cccc(CCl)c1,320
955,OC(COc1ccccc1)COc1ccccc1,355
956,CCCCCCCCCCCCOC(=O)c1cc(O)c(O)c(O)c1,370
957,O=C(CC(=O)C(F)(F)F)c1cccs1,316
958,O=C(O)c1cccnc1Nc1cccc(C(F)(F)F)c1,477
959,CC(=O)c1ccc(Cl)cc1Cl,307
960,CC(C)c1ccccc1Cl,199
961,c1ccc(-c2ccccn2)nc1,343
962,O=C(O)C#Cc1ccccc1,409
963,CN(C)c1cccc2c(S(=O)(=O)Cl)cccc12,345
964,S=C=Nc1ccc(Br)cc1,331
965,CC(C)(C)CCC(C)(C)C,260
966,O=C1NN(c2ccccc2)C(=O)C1c1ccccc1,506
967,O=C(O)c1cc([N+](=O)[O-])cc([N+](=O)[O-])c1O,443.5
968,O=C(Nc1ccccc1)c1ccccc1O,410
969,CCCCNC(N)=O,368
970,O=C(O)CCCCBr,313
971,CC(=O)NS(=O)(=O)c1ccc(N)cc1,455
972,CCCCCCCCCCCCCCCCCCCCCCO,343
973,O=C(Cl)c1ccc([N+](=O)[O-])cc1,348
974,O=C1CCC(=O)N1,397
975,Nc1ccncc1,432
976,CCOC(=O)CNc1ccccc1,330
977,N#Cc1ccc(C=O)cc1,375
978,Cc1cc(C)c(Br)c(C)c1,275
979,Fc1ccc(Cl)cc1,251
980,C=CCOc1nc(OCC=C)nc(OCC=C)n1,299
981,O=C(Oc1ccccc1)c1ccccc1O,316
982,O=C(O)c1ccc(Br)cc1,526
983,CCCC=C(C)C,143
984,O=C(c1ccccc1)c1ccccc1,321
985,Cc1c(C)c(C)c(C)c(C)c1C,440
986,Brc1ccc(-c2ccccc2)cc1,363
987,N#Cc1cc(Cl)cc(Cl)c1,337
988,O[Si](c1ccccc1)(c1ccccc1)c1ccccc1,425
989,O=S(=O)(c1ccccc1)c1ccccc1,401
990,Cc1ccc(S(=O)(=O)F)cc1,314
991,COc1ccccc1[N+](=O)[O-],282.4
992,CC(=O)Nc1ccc(C#N)cc1,478
993,Cn1c2ccccc2c2ccccc21,364
994,CC(C)(C)S,274
995,COP(=S)(OC)Oc1ccc([N+](=O)[O-])cc1,309
996,Cc1cc(C(=O)O)ccc1N,443
997,CC(C)C1CC1,160
998,c1ccc(NC2CCCCC2)cc1,288
999,CN(C)c1ccccc1,275
1000,CC1CNCC(C)O1,188
1001,CC(=O)n1ccnc1,374
1002,NCc1cccnc1,252
1003,CCCOC(=O)c1ccc(N)cc1,347
1004,CC(c1ccccc1)c1ccccc1,255
1005,BrCc1ccc(Br)cc1,335
1006,Brc1cscc1Br,278
1007,O=C(O)c1cc(Cl)cc(Cl)c1,459
1008,CCCCCCCCC(=O)CC,286
1009,CC(C)c1ccc(CO)cc1,300
1010,C#CC1(O)CCCCC1,306
1011,Oc1cc(O)c2ccccc2c1,398
1012,O=C(O)CCc1nc(-c2ccccc2)c(-c2ccccc2)o1,434
1013,CCc1nnc(N)s1,473
1014,N#Cc1ccccc1-c1ccccc1,311
1015,CC[Si](Cl)(Cl)CC,176
1016,ClCCCCCCl,201
1017,CCOC(=O)c1ccco1,307
1018,O=C=Nc1cccc([N+](=O)[O-])c1,325
1019,NC(=S)NS(=O)(=O)c1ccc(N)cc1,455
1020,Cc1ccccc1C(C)C,201
1021,Nc1ccc2ncsc2c1,361
1022,O=C(NNc1ccccc1)NNc1ccccc1,446
1023,CCC(C)(C)Cl,200
1024,CCBr,154
1025,CCCc1ccccc1C,213
1026,CCCCCCCCCCCCCCCCCCCCCCCCC,326
1027,O=C(C[N+](=O)[O-])Nc1ccccc1,366
1028,COc1ccc2c(c1)c(CC(=O)OCC(=O)O)c(C)n2C(=O)c1ccc(Cl)cc1,423
1029,Cc1occc(=O)c1O,436
1030,O=[N+]([O-])c1cc[n+]([O-])c2ccccc12,427
1031,O=[N+]([O-])N1CN([N+](=O)[O-])CN([N+](=O)[O-])C1,478
1032,CC(C)(C)c1ccc(Br)cc1,289
1033,NC(CC(=O)O)C(=O)O,548
1034,CC(C)OC(=O)Nc1ccccc1,361
1035,O=C(O)C12CC3CC(CC(C3)C1)C2,448
1036,O=C(O)C(O)(c1ccccc1)c1ccccc1,424.5
1037,CC(C)C(O)C(C)(C)C,260
1038,CCCl,134
1039,CCCCOC(=O)c1ccc(N)cc1,331
1040,O=Cc1cccc(Cl)c1,291
1041,CCCCCCCCCCCCC=O,288
1042,CC(C)OC(C)C,187
1043,Nc1nc(Cl)cc(Cl)n1,493
1044,O=C1CCCC(=O)C1,376
1045,Oc1ccccc1O,378
1046,COCCO,188
1047,NCC1CCNCC1,297
1048,COC(=O)c1ccccc1,261
1049,NC(=O)CI,367
1050,O=C(CBr)c1ccc(Cl)cc1,369
1051,FC(F)(F)C(F)(F)C(F)(F)C(F)(F)C(F)(F)C(F)(F)C(F)(F)C(F)(F)F,248
1052,Nc1ccc(F)c(Cl)c1,318.5
1053,CCCCNCCCC,213
1054,C=C=C(C)C,159
1055,O=C=Nc1ccc(Cl)c(Cl)c1,315
1056,[O-][n+]1onc2ccccc21,342
1057,OCC(O)CO,290.8
1058,N#CCc1ccccc1[N+](=O)[O-],357
1059,Cc1ccc(NC(=O)c2ccccc2)cc1,429
1060,Clc1nc2ccccc2nc1Cl,425
1061,CCCCCCCCCCCCCCCCCCCCCCC,322
1062,C1CCNCC1,262
1063,CCCC(C)=C(C)C,158
1064,ClCC=CCCl,275
1065,O=C(O)c1ccc(C(=O)c2ccccc2)cc1,471
1066,CC(C)C(=O)OC(=O)C(C)C,217
1067,Brc1ccccc1Br,278
1068,CCC(C)(C)C(C)C,172
1069,c1ccc(-c2nc3ccccc3nc2-c2ccccc2)cc1,399.5
1070,CCI,165
1071,ClC(Br)Br,251
1072,c1ccc2sccc2c1,303
1073,CC(C)(C)c1cccc(C(C)(C)C)c1O,309.5
1074,CCCCOc1ccc(CC(=O)NO)cc1,426
1075,COc1ccc(C#N)cc1,332
1076,NS(=O)(=O)c1ccc([N+](=O)[O-])cc1,453
1077,CCC(C)C(C)(C)CC,172
1078,FC(C(F)(F)F)C(F)(F)F,142
1079,OCc1ccccc1-c1ccccc1,322
1080,CC(=O)c1ccc(Cl)c(Cl)c1,346
1081,c1ccc2ncccc2c1,258
1082,S=C1NCCS1,378
1083,Clc1ccc(SSc2ccc(Cl)cc2)cc1,346
1084,O=C(Cl)CCc1ccccc1,266
1085,CCCN(CCC)CCC,179.5
1086,Oc1c(Cl)ccc(Cl)c1Cl,329
1087,COc1cc(CC(=O)O)ccc1O,416
1088,CCCC(=O)OCCC(C)C,200
1089,C=C(C)C(C)(C)C,163
1090,N#CC(c1ccccc1)c1ccccc1,347
1091,O=C(O)[C@@H]1CCCN1C(=O)OCc1ccccc1,349
1092,C=CC(C)CC,119
1093,O=C(O)C(=O)c1ccccc1,338
1094,Cc1cc([N+](=O)[O-])ccc1Cl,316
1095,Nc1ccc2[nH]ncc2c1,448
1096,CCC(C)(CO)CO,317
1097,CCCC(C)(C)O,170
1098,CCC(Br)CBr,208
1099,C[C@H]1CC[C@@H](O)CC1,263
1100,COC(=O)CCCCC(=O)OC,281
1101,CC12CCC(C(=O)C1=O)C2(C)C,473
1102,O=[N+]([O-])c1ccccc1-c1ccccc1,310
1103,CC(Oc1ccccc1)C(=O)O,391
1104,COc1cccc(OC)c1O,328
1105,CC(C)=C(C)C,198
1106,O=C(c1ccccc1)c1cccc(Cl)c1,355
1107,C=C(C)C(=O)OC,225
1108,OCc1cc(Br)ccc1O,382
1109,CSc1ccc(C(=O)O)cc1,468
1110,Nc1c(Cl)cc(Cl)cc1Cl,347
1111,O=S1(=O)CC=CC1,337.5
1112,CNC(=O)Oc1ccccc1OC(C)C,364.5
1113,CCC(=O)O,252.2
1114,CC(=O)Nc1ccc(S(=O)(=O)c2ccc(NC(C)=O)cc2)cc1,562
1115,Clc1ccc(Cl)cc1,328
1116,C1COCCN1,268
1117,Cc1cccc2cc[nH]c12,357
1118,CCCCNC(=O)NS(=O)(=O)c1ccc(C)cc1,401.5
1119,CN(C)c1ccc(C=O)cc1,347
1120,Cc1ccc(F)cc1[N+](=O)[O-],299
1121,CN(C)c1ccc(Cc2ccc(N(C)C)cc2)cc1,360
1122,C=CCC(=O)O,234
1123,C=CC=C,160
1124,CCCCCCCCCCCCCCCC(=O)OC(C)C,285
1125,O=C1c2ccccc2C(=O)c2c(O)ccc(O)c21,470
1126,CCCCCCCC(=O)OCC,226
1127,O=C(O)Cc1cccc(Cl)c1,351
1128,c1ccc(OCCOc2ccccc2)cc1,368
1129,N=C(Nc1ccccc1)Nc1ccccc1,422
1130,CC=C(C)CC,138
1131,c1ccc(P(CCCP(c2ccccc2)c2ccccc2)c2ccccc2)cc1,334
1132,CC(=O)c1ccc2ccccc2c1,326
1133,N#Cc1ccc(C(N)=O)cc1,500
1134,O=[N+]([O-])c1ccc(Cl)c(Cl)c1Cl,328.5
1135,COc1cccc(C=O)c1O,314
1136,FC(F)(F)c1ccc(Cl)nc1,304
1137,O=C(O)c1ccc(Cl)c(Cl)c1,481
1138,CC(Br)C(C)(Br)Br,275
1139,COc1ccc(C=O)c(C(=O)O)c1OC,420
1140,COc1cc(C(=O)O)cc(OC)c1OC,443
1141,c1cncnc1,294
1142,CCCCCCC(C)CC,188
1143,CC(=O)Nc1ccc2c(c1)Cc1ccccc1-2,467
1144,O=[N+]([O-])c1c(Cl)cc(Cl)cc1Cl,345
1145,CCOC(=O)c1ccccc1[N+](=O)[O-],301
1146,CC(=O)Nc1cccc(O)c1,419
1147,Cc1ccc(N)cc1F,306
1148,COc1ccc(-c2ccccc2)cc1,361
1149,Clc1ccccc1C(Cl)(Cl)Cl,303
1150,CC(=O)NBr,377
1151,COc1ccc2[nH]ccc2c1,327
1152,Cc1ccc(Cl)cc1[N+](=O)[O-],312
1153,C[C@@H]1CC[C@H](C)C1,139
1154,c1ccc(-c2ccc3ccccc3n2)cc1,356
1155,OCCCl,210
1156,Cc1ccc[n+]([O-])c1,311
1157,CCCCCCCCCCCC(=O)OC,278
1158,N#Cc1ccc(-c2ccc(C#N)cc2)cc1,507
1159,Clc1cccc(-c2ccccc2)c1,291
1160,O=C(Cc1ccccc1)Cc1ccccc1,305
1161,NC(=O)c1cccs1,454
1162,O=C(O)c1cc(-c2ccc(F)cc2F)ccc1O,488.5
1163,Oc1c(Br)cc(Br)c2cccnc12,474
1164,Oc1cccc(Cl)c1,306
1165,CCC(=O)c1ccc(C)cc1,280
1166,CC(=O)OCC(C(OC(C)=O)c1ccccc1)[N+](=O)[O-],344
1167,CCCCCCCCCCCC(=O)O,318
1168,O=[N+]([O-])c1ccc(O)c(Cl)c1,379
1169,CC(C)(C)C(C)(C)C,374
1170,O=C(c1ccc(F)cc1)c1ccc(F)cc1,381
1171,c1ccc2c3c([nH]c2c1)CCCC3,392
1172,CC(C)c1ccc(Cl)cc1,261
1173,Oc1c(Cl)cc(Cl)c(Cl)c1Cc1c(O)c(Cl)cc(Cl)c1Cl,437
1174,CCc1ccc2ccccc2c1,265.65
1175,O=C(O)Cc1cccc([N+](=O)[O-])c1,392
1176,C[Si](c1ccccc1)(c1ccccc1)c1ccccc1,340
1177,CCN(CC)CCNC(=O)c1cc(Cl)c(N)cc1OC,420
1178,N#CCc1ccc(I)cc1,326
1179,Cn1nnc2ccccc21,338
1180,Nc1ccccc1Oc1ccccc1,320
1181,COCC(=O)O,281
1182,O=C1OCc2c(Cl)c(Cl)c(Cl)c(Cl)c21,481
1183,Nc1cccc2cccc(N)c12,336
1184,CCCCCCCCCCl,234
1185,CCCC#CC(=O)O,298
1186,Clc1c(Cl)c(Cl)c(-c2c(Cl)c(Cl)c(Cl)c(Cl)c2Cl)c(Cl)c1Cl,579
1187,C=CBr,134
1188,O=C(O)CCCCCC(=O)O,377
1189,S=C=Nc1ccc(N=C=S)cc1,404
1190,c1ccc2c(c1)Cc1ccccc1-2,389
1191,COc1cc(C(=O)NS(=O)(=O)c2ccccc2C)ccc1Cc1cn(C)c2ccc(NC(=O)OC3CCCC3)cc12,411
1192,O=C1CSC(=O)N1,398
1193,CC(=O)Oc1ccc(-c2ccc(OC(C)=O)cc2)cc1,437
1194,CC1(C)CC=CCC1,199
1195,C(=C/c1ccccc1)\c1ccccc1,398
1196,CCCCCC(=O)CCCCC,288
1197,CCc1cccnc1,196
1198,c1cc[nH]c1,250
1199,O=C(O)c1ccccc1I,435.5
1200,COC(=O)c1ccc(C(=O)OC)cc1,414
1201,CC(C)CC(=O)CC(C)C,231
1202,COc1cc(C#N)cc(OC)c1OC,366
1203,COc1cc(Cl)ccc1O,290
1204,O=S(=O)(Cc1ccccc1)Cc1ccccc1,424
1205,COc1ccc(Br)c(OC)c1,299
1206,c1ccc(CSc2ccccc2)cc1,314
1207,O=C(c1ccccc1)c1ccc(-c2ccccc2)cc1,374
1208,CC(=O)CC(=O)Nc1ccccc1,359
1209,Fc1c(F)c(F)c2c(F)c(F)c(F)c(F)c2c1F,360
1210,c1ccc2[nH]c(-c3cscn3)nc2c1,577.5
1211,Nc1nc2ccccc2s1,401
1212,CCCCCCC=CCCCCCCCC(=O)O,273.5
1213,c1ccc(Nc2cccc3ccccc23)cc1,334
1214,C1=CCCC1,138
1215,Cc1cc([N+](=O)[O-])ccc1N,405
1216,Cc1cc(C)c(O)c(C)c1,345
1217,CC(=O)C(C)=O,270
1218,N#Cc1c(F)c(F)c(F)c(F)c1F,275
1219,COc1ccc(Br)cc1,283
1220,OC1CCCCC1O,373
1221,Clc1cccc(Cl)n1,359
1222,Cc1cc(O)c(C(C)C)cc1C1(c2cc(C(C)C)c(O)cc2C)OC(=O)c2ccccc21,523
1223,Clc1ncccn1,339
1224,COC(=O)CCC(=O)O,330.5
1225,C=Cn1c2ccccc2c2ccccc21,336
1226,O=[N+]([O-])c1ccccc1CO,345
1227,Nc1ccccc1O,449
1228,O=C1NC(=O)c2ccccc21,507
1229,CC(=O)Nc1cccc([N+](=O)[O-])c1,425
1230,NC(=O)c1ccccc1N,386
1231,C=CC(=O)OCCCC,209
1232,COc1ccc2c(c1)no[n+]2[O-],390
1233,O=C(O)c1ccccc1[N+](=O)[O-],419
1234,O=[N+]([O-])c1cc(C(F)(F)F)ccc1Cl,270
1235,CC(=O)Nc1ccccc1[N+](=O)[O-],365
1236,CC(C)(C)C1CCCCC1,232
1237,CCCCCCCC(C)O,238
1238,ClC(Cl)(Cl)Cl,250
1239,O=[N+]([O-])c1ccc(F)cc1O,306
1240,C=C(Br)CC,140
1241,Clc1c(Cl)c(Cl)c(Cl)c(Cl)c1Cl,503
1242,Cc1ccc(C)c(C(=O)O)c1,407
1243,CC(C)c1cccc(C(C)C)c1,210
1244,O=Cc1ccc(C(=O)O)cc1,520
1245,CCN1C(=O)c2ccccc2C1=O,349
1246,CC(=O)Nc1cccc(F)c1,361
1247,CC(C)c1ccccc1O,289
1248,COc1cc(Cl)c(Cl)c(Cl)c1Cl,357
1249,Cc1cc(C)[nH]n1,380
1250,NC(=O)c1cccc(Br)c1,428
1251,OC[C@@H](O)[C@H]1O[C@@H]2O[C@H](C(Cl)(Cl)Cl)O[C@@H]2[C@H]1O,460
1252,Cc1cc(O)cc(C)c1Cl,388
1253,CCOC(=O)CC(C)C,174
1254,CC(C)(C)c1cc(C=O)cc(C(C)(C)C)c1O,461
1255,O=C(Cl)Oc1ccc([N+](=O)[O-])cc1,351
1256,C/C=C/C=C/CO,304
1257,O=C(O)C(F)(F)C(F)(F)C(F)(F)C(F)(F)C(F)(F)C(F)(F)C(F)(F)F,328.5
1258,CO,175
1259,CF,129.7
1260,C=Cc1ccc([N+](=O)[O-])cc1,300
1261,C1=CCC=CC1,224
1262,NC(=O)c1ccc(F)cc1,429
1263,CCCOC(C)=O,178
1264,N#Cc1ccc2[nH]ccc2c1,379
1265,CCCC(C)C,119
1266,CC1(O)CCC(C(C)(C)O)CC1,431
1267,N#Cc1ccccc1,260
1268,Oc1cc(Cl)ccc1Cl,330
1269,CC(C)C1(C)N=C(c2ncccc2C(=O)O)NC1=O,444.5
1270,Cc1c([N+](=O)[O-])cccc1[N+](=O)[O-],338
1271,O=C(O)c1ccc(CBr)cc1,498
1272,Nc1cc(C(=O)O)ccc1Cl,489
1273,O=C1c2ccccc2CCc2ccccc21,306
1274,O=Cc1ccccc1C(=O)O,370
1275,O=C(O)C(Br)(Br)Br,404.5
1276,C#CCCC(=O)O,329
1277,Fc1c(F)c(F)c(F)c(F)c1F,276.9
1278,CC(C)(C)C1CCC(=O)CC1,322
1279,O=[N+]([O-])c1c2ccccc2cc2ccccc12,414
1280,Cc1ccc(C)n1-c1ccccc1,323
1281,c1ccc2nc3ccccc3cc2c1,382
1282,Cc1cc(C)cc(C(=O)O)c1,443
1283,O=C(CCC(=O)c1ccccc1)c1ccccc1,419
1284,Cc1ccc2cc3c(ccc4ccccc43)c3c2c1CC3,452.5
1285,O=C(Cl)c1ccccc1F,278
1286,O=C=Nc1ccc([N+](=O)[O-])cc1,331
1287,c1ccc2c(c1)-c1cccc3c1c-2cc1ccccc13,437
1288,CCC(C)(C)CC,138
1289,Nc1ccc(S(=O)(=O)c2ccc(N)cc2)cc1,450
1290,CN(C)c1ccc([N+](=O)[O-])cc1,438
1291,O=C(O)c1cc(F)cc(F)c1,394
1292,COc1cccc(C(N)=O)c1,406
1293,COc1ccc(C(=O)c2ccccc2)c(O)c1,337
1294,CCC1(C2=CCCCC2)C(=O)NC(=O)NC1=O,445.5
1295,Cc1ccc2c(c1)C(=O)c1ccccc1C2=O,445
1296,CCCCCCCCS,224
1297,O=S(=O)(Cl)Cl,219
1298,O=Cc1ccc(Oc2ccccc2)cc1,298
1299,Nc1c(Cl)cccc1Cl,313
1300,ON=C1CCCCC1,363
1301,Nc1cc([N+](=O)[O-])ccc1O,417
1302,CCCCOCCO,198
1303,c1ccc(SSc2ccccc2)cc1,333
1304,CCCCCCCCCCCCCC(=O)CCCCCCCCCCCCC,351
1305,O=C1CCCc2ccccc21,280
1306,CCOC(=O)CC#N,251
1307,O=C(O)[C@H](O)[C@@H](O)C(=O)O,444
1308,CCOC(=O)n1ccn(C)c1=S,397
1309,C=C(C)Cl,135
1310,C=CC(C)C,105
1311,CCCN(CC1CC1)c1c([N+](=O)[O-])cc(C(F)(F)F)cc1[N+](=O)[O-],305
1312,Cn1c(=O)ccc2ccccc21,348
1313,OCCCCCCCCCO,320
1314,Cn1c(=O)n(C)c(=O)n(C)c1=O,448.85
1315,COc1ccc(Cl)cc1C(=O)NCCc1ccc(S(=O)(=O)NC(=O)NC2CCCCC2)cc1,446
1316,Cc1cc(C)c(C(=O)O)c(C)c1,427
1317,CC(C)(O)C(C)(C)O,316
1318,O=[N+]([O-])c1cc(F)ccc1O,348
1319,Brc1cccc2ccccc12,272
1320,c1ccc2c(c1)[nH]c1ccccc12,520
1321,CN(C)C(=O)C(c1ccccc1)c1ccccc1,406.5
1322,Cc1cc(C)nc(C)c1,227
1323,O=C1OC(=O)c2c(Cl)c(Cl)c(Cl)c(Cl)c21,528.5
1324,COc1ccc([C@@H]2CC(=O)c3c(O)cc(O)cc3O2)cc1O,503
1325,CCCCCCCC1CCCCC1,242
1326,CCCCP(CCCC)CCCC,213
1327,COc1cc(OC)cc(OC)c1,326
1328,CN(C)c1ccncc1,384
1329,CCc1ccc(N)cc1,268
1330,C/C=C/c1ccc(OC)cc1,294
1331,Clc1cncc(Cl)n1,327
1332,COc1ccccc1N1CCNCC1,310
1333,CC(=O)NCCCCCC(=O)O,377
1334,Clc1cccs1,201
1335,CCCCCCCCCCCCCCCCCCCCO,337
1336,NCC(O)c1ccccc1,330
1337,CCCCCCCCC(C)O,268
1338,O=C(O)CSc1ccccc1,337
1339,CCOc1ccc(I)cc1,301
1340,O=[N+]([O-])c1ccc(Cl)c([N+](=O)[O-])c1,326
1341,COc1ccccc1,236
1342,O=Cc1ccc(CO)o1,307
1343,O=Cc1cccc(C=O)c1,362
1344,O=C1C(Cl)=CC(=NCl)C=C1Cl,340
1345,O=Cc1ccc(O)c(O)c1,427
1346,O=Cc1ccc(I)cc1,350
1347,O=Nc1ccccc1,338
1348,N#CCC(=O)O,340
1349,CCCCNC(=O)NS(=O)(=O)c1ccc(N)cc1,417
1350,c1ccc(-c2ccnc3c2ccc2c(-c4ccccc4)ccnc23)cc1,491
1351,CCCCCSCCCCC,222
1352,ClC(Cl)(Cl)c1ccccc1,268
1353,CC1CC=CCC1,158
1354,CCN(CC)c1ccc(Br)cc1,307
1355,Cc1ccc([N+](=O)[O-])cc1N,380.5
1356,FC(F)(F)c1ccc(Cl)c(Cl)c1,261
1357,CC(C)CCC[C@@H](C)[C@H]1CC[C@H]2[C@@H]3CC=C4C[C@@H](O)CC[C@]4(C)[C@H]3CC[C@]12C,421
1358,CC(=O)/C=C/c1ccccc1,314
1359,COc1ccc(CC#N)cc1OC,337
1360,CC(C)(C)c1cc(C(=O)O)cc(C(C)(C)C)c1O,481
1361,OCCCCCCCCCCO,345
1362,O=C(O)c1ccc([N+](=O)[O-])cc1C(=O)O,436
1363,Oc1ccc(NCc2ccccc2)cc1,357
1364,CCCCCCCCC(=O)CCCCCCCC,325
1365,Cc1cc(O)ccc1O,402
1366,O=C(c1ccccc1)c1cccc(Br)c1,349
1367,O=C1CCCN1,297
1368,CC=O,149
1369,CCCC(O)CCC,231.8
1370,Brc1cc2ccccc2c2ccccc12,337
1371,CCCCCC(C)(C)O,222.6
1372,OCCc1ccccn1,265
1373,CCOCC,157
1374,CNc1ccc([N+](=O)[O-])cc1,425
1375,COC=O,173
1376,Clc1ccc(Cl)c(Br)c1,307
1377,COc1ccc(N)cc1,330
1378,CC(C)(C)c1cccc(C(C)(C)C)n1,275
1379,Cc1ccc(C(=O)c2ccccc2)cc1C,319
1380,CCOc1ccc(C#N)cc1,335
1381,Cc1cc(C=O)c(C)n1-c1ccccc1,362
1382,CN(C)c1ccc(C(=O)c2ccccc2)cc1,362
1383,CCCCCCCCCCCCO,297
1384,C=Cc1ccc(O)cc1,346
1385,C=CCOc1ccc(CC(=O)O)cc1Cl,365
1386,COc1ccc(N)c(OC)c1,306.5
1387,c1ccc(-c2cnc(-c3ccc(-c4ncc(-c5ccccc5)o4)cc3)o2)cc1,515
1388,O=c1cccccc1O,326
1389,CCCCCCCCCCI,257
1390,CCC(C(C)C)C(C)C,151
1391,CC1=C(C)CCCC1,189
1392,O=C(O)c1ccc(O)cc1,489
1393,N#CCC#N,307
1394,Nc1ccc(O)c([N+](=O)[O-])c1,402
1395,COc1ccc(OC)c([N+](=O)[O-])c1,344
1396,COc1cc(Cl)cc(OC)c1,307
1397,Clc1ccc(Br)c(Cl)c1,300
1398,CCOC(=O)Cl,192
1399,OCc1ccccc1I,365
1400,O=[N+]([O-])c1ccc(F)cc1,294
1401,COc1ccc(N)cc1Cl,323
1402,COc1ccccc1-c1ccccc1OC,427
1403,N#CCc1ccc(O)cc1,344
1404,CC(C)CC(C)C(C)C,145
1405,CCNc1nc(Cl)nc(NCC)n1,501
1406,CCCCC(=O)OCC,182
1407,N[C@@H](Cc1ccc(O)c(F)c1)C(=O)O,533.5
1408,NC(=O)c1cccc2ccccc12,481
1409,Clc1cccc(Br)c1Cl,331
1410,CCCCC(C)(C)C,152
1411,Clc1ccc(Cl)nc1,334
1412,ClC1=C(Cl)C2(Cl)C3C(Cl)C(Cl)CC3C1(Cl)C2(Cl)Cl,377
1413,ClCBr,185
1414,O=[N+]([O-])c1ccccc1F,265
1415,N#Cc1ccccc1Br,328
1416,[C-]#[N+]CS(=O)(=O)c1ccc(C)cc1,385.5
1417,O=C(Oc1ccccc1)c1ccccc1C(=O)Oc1ccccc1,348
1418,COc1ccc(OC)cc1,331
1419,O=C(O)COc1ccc(F)cc1,378
1420,COc1cc(/C=C/CO)ccc1O,349
1421,C=CCC=C,125
1422,CC(=O)Nc1ccc([N+](=O)[O-])cc1,488
1423,CC(C)(O)CCC(C)(C)O,362
1424,O=P(O)(c1ccccc1)c1ccccc1,468
1425,Nc1ccc(Cl)cc1,345.5
1426,c1ccoc1,187.4
1427,N#CC(C#N)=C(C#N)C#N,471
1428,O=[N+]([O-])c1ccccc1Cl,305
1429,Nc1ccc([N+](=O)[O-])cc1C(=O)c1ccccc1,440
1430,Cc1c[nH]c2ccccc12,368
1431,c1ccsc1,235
1432,OCC1c2ccccc2-c2ccccc21,377
1433,C=C(C)CC(C)C,149
1434,C=CCC1(C(C)C)C(=O)NC(=O)NC1=O,414
1435,CCC(=O)CC,233
1436,O=C(c1ccccc1)c1c(F)c(F)c(F)c(F)c1F,310.5
1437,Nc1cccc(Br)c1,290
1438,CCOC(=O)C=CC(=O)OCC,263
1439,O=C(O)Cc1ccccc1Cl,368
1440,C=C(C)CC(C)(C)C,179
1441,CCCCCCCCCC(=O)Cl,238
1442,Cc1cc(Br)ccc1O,337
1443,C#C,192.2
1444,NC(=O)c1ccccc1F,389
1445,CC(C)C#N,201
1446,NNC(=O)NN,430.5
1447,Oc1ccc(/N=N/c2ccccc2)cc1,427
1448,C(=N/c1ccccc1)\Nc1ccccc1,411
1449,CCCCCCCCC(C)C,224
1450,CCCCCCCCCCCCCCCCCCCCCC(=O)O,349
1451,CC1(C)CC(C)(c2ccccc2)c2ccccc21,323
1452,N#CC(Cl)(Cl)Cl,231
1453,CC=CCC(C)C,149
1454,O=S(=O)(F)F,137.2
1455,O=c1[nH]c2ccccc2n1CCCN1CCC(n2c(=O)[nH]c3cc(Cl)ccc32)CC1,510.5
1456,COc1ccc(CCCC(=O)O)cc1,332
1457,O=[N+]([O-])c1ccc(Br)cc1,399
1458,NC(=O)c1ccncc1,430
1459,CC/C=C/CC(=O)O,284
1460,O=C(O)Cc1ccc(Br)cc1,390
1461,O=C1OCc2ccccc21,347
1462,C1CCOC1,165
1463,C1CCCCCCCCCCCCCC1,335
1464,O=C1CCN(c2ccccc2)N1,395
1465,Nc1ccc(C=Cc2ccc([N+](=O)[O-])cc2)c([N+](=O)[O-])c1,471
1466,CC1CCC(=O)CC1,232
1467,O=[N+]([O-])c1ccc(F)c([N+](=O)[O-])c1,300
1468,O=C(Cl)c1ccc(C(=O)Cl)cc1,354
1469,Cc1ccc([N+](=O)[O-])c(O)c1,328
1470,Clc1cc(Cl)c(-c2ccccc2)cc1Cl,351
1471,C=C(CC)C(=O)c1ccc(OCC(=O)O)c(Cl)c1Cl,395.5
1472,CCC(=O)C(C[C@H](C)N(C)C)(c1ccccc1)c1ccccc1,371.85
1473,O=C1CSC(=S)N1,442
1474,CCOc1ccc(NC(=O)CN)cc1,374
1475,C[C@H](O)[C@@H](C)O,306
1476,C[C@]12CCC(=O)C=C1CC[C@@H]1[C@@H]2C(=O)C[C@@]2(C)[C@H]1CC[C@]2(O)C(=O)CO,498
1477,OC(C(F)(F)F)C(F)(F)F,270
1478,CC(CCC(=O)O)(c1ccc(O)cc1)c1ccc(O)cc1,446
1479,O=c1c(O)c(-c2ccccc2)oc2cc(O)cc(O)c12,488
1480,O=Cc1ccccc1Cl,282
1481,Cc1ccccc1C(N)=O,415
1482,Cc1cccc(-c2ccccc2)c1,278
1483,CN1C(C(=O)Nc2ccccn2)=C(O)c2ccccc2S1(=O)=O,471
1484,O=C1C(=O)c2ccccc2-c2ccccc21,483
1485,O=C(O)Cc1ccccc1O,419
1486,O=[N+]([O-])c1ccccc1,278
1487,CCC(C)(CC)CC,182
1488,O=C(O)Cc1ccccc1,352
1489,CC(CC(=O)O)CC(=O)O,359
1490,Nc1ccc(Oc2ccccc2)cc1,357
1491,C(CC1CCNCC1)CC1CCNCC1,339
1492,O=C1CCC(=O)N1Cl,421
1493,CCc1ccc(Br)cc1,230
1494,Cc1ccc([N+](=O)[O-])cc1,324
1495,Fc1cc(F)c(F)c(F)c1F,225
1496,Cc1ccc(N)cc1N,370
1497,CC(C)CC(N)=O,409
1498,COc1cc(OC)c2ccc(=O)oc2c1,421
1499,COC(=O)c1ccc(Br)cc1,352
1500,COc1ccc(C=O)c(OC)c1,345
1501,Cc1cccc(Br)c1,233
1502,O=C(O)C(=Cc1ccccc1)c1ccccc1,444
1503,CCCCS(=O)(=O)NC(Cc1ccc(OCCCCC2CCNCC2)cc1)C(=O)O,496
1504,CCc1ccc(C)cc1C,210
1505,CCC(C)(C)O,261
1506,CC(=O)CC(C)C,193
1507,O=C(C(F)(F)F)C(F)(F)F,144
1508,N#CCCCCCCC#N,270
1509,O=[N+]([O-])c1c(Cl)c(Cl)c(Cl)c(Cl)c1Cl,417
1510,O=C(c1ccccc1)C(O)c1ccccc1,410
1511,CCS(=O)(=O)CC,345
1512,NC=O,275
1513,O=C(O)c1ccc([N+](=O)[O-])cc1,513
1514,O=C(O)Cc1cccc(C(F)(F)F)c1,351
1515,O=P(O)(Oc1ccccc1)Oc1ccccc1,339
1516,CCC(Br)CC,147
1517,CC1OC(C)OC(C)O1,285
1518,N#CCCc1ccccc1,271
1519,C/C(=C/C(=O)O)C(=O)O,363
1520,CCCCCCCCCCCCCCCCCCCCCCCCCCC,332
1521,Cc1ccc(S(=O)(=O)NC2CCCCC2)cc1,357.5
1522,COc1ccc(OC)c(C=O)c1,325
1523,Cc1ccc(Br)cc1,301.5
1524,N#Cc1c(F)c(F)c(F)c(C#N)c1F,352
1525,O=C(Oc1cccc(OC(=O)c2ccccc2)c1)c1ccccc1,391
1526,S=c1[nH]c2ccccc2[nH]1,576
1527,Clc1cccnc1Cl,340
1528,O=[N+]([O-])c1cc([N+](=O)[O-])c2ccccc2c1O,404.5
1529,CCCCOC(=O)c1ccc(O)cc1,342
1530,CCCCCCCCCCCCCCCCCCC(=O)O,342
1531,CC(=O)C(=O)O,285
1532,Cc1cc(C)cc([N+](=O)[O-])c1,347
1533,CC(=O)c1ccc(Br)cc1,324
1534,Sc1ccc(Br)cc1,348
1535,CCc1ccc(C)cc1,211
1536,O=C(O)c1cccc2ccccc12,435
1537,O=Cc1c(O)ccc2ccccc12,352
1538,C1CC1,145.85
1539,CCCCOc1ccc(C(=O)O)cc1,420
1540,O=P(O)(O)c1ccccc1,434
1541,CCCCCCCCCCCCCCCC,291
1542,C=C1CCC2CC1C2(C)C,212
1543,O=Cc1ccc(-c2ccccc2)cc1,332
1544,Oc1ccc2cc(O)ccc2c1,497
1545,O=[N+]([O-])c1ccc([N+](=O)[O-])cc1,446
1546,CC(C)(C)c1ccc(O)c(C(C)(C)C)c1,327.5
1547,NNS(=O)(=O)c1ccccc1,376
1548,COP(=S)(OC)SCn1nnc2ccccc2c1=O,345
1549,OC(c1ccc(Cl)cc1)(c1ccc(Cl)cc1)C(Cl)(Cl)Cl,351.5
1550,N#CC(C#N)=Cc1ccccc1Cl,368
1551,Cc1ccnc(NS(=O)(=O)c2ccc(N)cc2)n1,508
1552,CCCCCCCCCCCCCCCC(=O)OCC(COC(=O)CCCCCCCCCCCCCCC)OC(=O)CCCCCCCCCCCCCCC,335
1553,c1ccc2c(c1)ccc1cc3c(ccc4ccccc43)cc12,542
1554,Cc1cccc(I)c1,246
1555,Oc1ccc(C(c2ccc(O)cc2)(C(F)(F)F)C(F)(F)F)cc1,433
1556,O=[N+]([O-])c1cc([N+](=O)[O-])c(O)c([N+](=O)[O-])c1,395
1557,NC(=O)c1c(Cl)cccc1Cl,471
1558,CC=C(C)C(C)C,149
1559,O=[N+]([O-])c1cc(Br)ccc1Br,355
1560,Cc1cc(N)nc(C)n1,458
1561,COC(=O)c1ccc(Cl)cc1,317
1562,N#Cc1c2ccccc2cc2ccccc12,448
1563,N#Cc1cccc2ccccc12,309
1564,COc1ccc(OC)c(C(C)=O)c1,293
1565,Cc1cc(C2(c3ccc(O)c(C)c3)OC(=O)c3ccccc32)ccc1O,497
1566,c1cc(-c2ccncc2)ccn1,386
1567,Oc1ccc(Cl)cc1,317
1568,c1ccc2nccnc2c1,303
1569,CC(C)c1cc(C(C)C)c(C(C)C)cc1C(C)C,392
1570,OCc1cccc2ccccc12,334
1571,Cc1ccccc1S(N)(=O)=O,429
1572,Sc1ncc[nH]1,498
1573,FC(F)F,113
1574,Oc1ccncc1,418
1575,C=CCCC,108
1576,NCCO,284
1577,OCCCCCCCO,291
1578,CCCCCC(=O)O,270
1579,NC(=O)c1cnccn1,462
1580,CC(C)(C)c1ccc(O)c(N)c1,436
1581,Clc1ccc(Br)cc1Cl,297
1582,CCCC#CCCC,170
1583,COc1ccc(CO)cc1,299
1584,CNc1ccccc1C(=O)OC,291
1585,CCC#CCCCC,169
1586,O=c1[nH]c(=O)c2nccnc2[nH]1,621
1587,COCCOC(C)=O,208
1588,Nc1cccc([N+](=O)[O-])c1,387
1589,COc1cc(C=O)cc(OC)c1,320
1590,CCOC(=O)Cc1ccccc1,244
1591,O=[N+]([O-])c1ccccc1Br,315
1592,Cc1cncnc1,303
1593,CC(=O)c1c[nH]c2ccccc12,462
1594,COc1cc(C)c(C=CC(C)=CC=CC(C)=CC(=O)O)c(C)c1C,501
1595,CCCS,160
1596,CN(C)C1=NC(=O)C(c2ccccc2)O1,406
1597,Nc1cc(Cl)c(O)c(Cl)c1,441.5
1598,O=[N+]([O-])c1ccco1,304
1599,O=Cc1cccc(O)c1,378
1600,O=C(O)c1cccc([N+](=O)[O-])c1Cl,454
1601,COC(C(=O)c1ccccc1)c1ccccc1,320
1602,Brc1ccccc1-c1ccccc1Br,353
1603,CCN(CC)CC,158
1604,O=c1c2ccccc2oc2ccccc12,448
1605,Cc1cccnc1N,304
1606,COc1cc(Cl)ccc1N,324
1607,C=CC(=O)NC(C)(C)CC(C)=O,328
1608,O=C(c1ccc(O)cc1O)c1ccc(O)cc1O,474
1609,CCn1cc(C(=O)O)c(=O)c2cc(F)c(N3CCNC(C)C3)c(F)c21,512.75
1610,c1ccc([SiH](c2ccccc2)c2ccccc2)cc1,316
1611,C1CCC(NC2CCCCC2)CC1,272
1612,CC(Br)CCCBr,239
1613,C=C(C)c1ccc(C(=C)C)cc1,339
1614,O=C(O)C1CC1,291
1615,CCOCCOCCOCC,229
1616,O=C1CCCC1,222
1617,O=[N+]([O-])c1cccc([N+](=O)[O-])c1Cl,359
1618,O=C(O)CCC(=O)C(=O)O,388
1619,COC(C)(C)C,164
1620,Nc1ccccc1Nc1ccccc1,352
1621,C#CCCO,209.4
1622,CCc1ccc(Cl)cc1,210
1623,COC(=O)CCCCCCCCCCC(=O)OC,303
1624,CC1CNC(C)CN1,387
1625,CN(C)Cc1cc(C(C)(C)C)c(O)c(C(C)(C)C)c1,364
1626,CC(=O)NC(=O)CN,411
1627,O=C(O)c1ccccc1Br,422
1628,O=[N+]([O-])c1ccc(Cl)cc1Cl,303.5
1629,CNCCCC12CCC(c3ccccc31)c1ccccc12,365
1630,CCCCCCCCCCCCCCBr,278
1631,Nc1cccc2ccc(O)cc12,481
1632,CC(=O)NNc1ccccc1,403
1633,CCOP(=O)(OCC)OCC,217
1634,O=Cc1ccc(Cl)cc1Cl,346
1635,O=C(/C=N/O)c1ccccc1,400
1636,O=C(Nc1ccccc1)c1ccccc1,436
1637,Brc1ccccc1,242
1638,CCOC(=O)c1cc(C)n[nH]1,355
1639,COc1ccc(C(=O)O)cc1O,526
1640,COC(=O)c1ccc(O)cc1O,391
1641,CCOCOCC,207
1642,Nc1cccc2cccnc12,338
1643,O=C(O)c1ccc([N+](=O)[O-])o1,460
1644,CCc1ccccc1CC,242
1645,O=C=Nc1cccc(N=C=O)c1,321
1646,CCCSc1ccc2[nH]c(NC(=O)OC)nc2c1,482
1647,Cc1cc(C)c(C)c(Br)c1C,333
1648,Cc1cc(C)c(S(=O)(=O)Cl)c(C)c1,328
1649,ClCCCCl,173
1650,Cc1c(C)c(C)c(Br)c(C)c1C,435
1651,c1ccc2c(c1)Oc1ccccc1S2,332.5
1652,CCCCCCCCCCCCCCCCCCN,329
1653,O=C(c1ccccc1)c1ccncc1,343
1654,Cc1ccc(N)cc1Br,300
1655,N#Cc1cccc(C#N)c1,434
1656,O=C(O)CCCl,312
1657,N#CCCC(Br)(C#N)CBr,323
1658,CNCCO,268.5
1659,O=C(O)c1cc[n+]([O-])cc1,543
1660,CC(C)(C)c1ccc(C(=O)O)cc1,438
1661,CC(=O)NN,337
1662,Cc1ccc(C(=O)c2ccc(C)cc2)cc1,367
1663,Nc1ccncn1,423
1664,CCCCCCCCCCCCCC(=O)OC,291
1665,COc1cccc(C(C)=O)c1,266
1666,CCCCCCCCCCCCCC(N)=O,379
1667,Cc1cccnc1,255
1668,CN1CC=C(c2ccccc2)CC1,311.5
1669,CC1CCC(C(C)C)CC1,183.1
1670,Cc1c(CN2CCOC(c3ccccc3)C2C)c(=O)n(-c2ccccc2)n1C,422
1671,CC(=O)O[C@H]1C(=O)[C@@]2(C)[C@H]([C@H](OC(=O)c3ccccc3)[C@]3(O)C[C@H](OC(=O)[C@H](O)[C@@H](NC(=O)c4ccccc4)c4ccccc4)C(C)=C1C3(C)C)[C@]1(OC(C)=O)CO[C@@H]1C[C@@H]2O,487.5
1672,Nc1cc(Cl)ccc1Cl,321
1673,CN(C)c1ccc(C(=O)O)cc1,516
1674,OC1CCCCC1,294
1675,CCC(=O)C1(c2cccc(O)c2)CCN(C)CC1,429
1676,c1ccc(Nc2ccccc2)cc1,326
1677,O=[N+]([O-])c1ccc(CO)cc1,367
1678,NNC(=O)c1ccccc1O,421
1679,O=Cc1ccc(Cl)cc1,319
1680,BrCCCCCCCCBr,288.5
1681,CCC=O,192
1682,O=C1OC(=O)c2cc(Cl)c(Cl)cc21,459
1683,CCCCCCCCCCCBr,264
1684,ClCc1ccc(Cl)cc1,303
1685,C=CCNCC=C,185
1686,Nc1ccc(S(N)(=O)=O)cc1,439.2
1687,CC(=O)O[Si](C)(OC(C)=O)OC(C)=O,316
1688,O=Cc1ccnc2ccccc12,323
1689,Brc1ccc2c(c1)Cc1ccccc1-2,385
1690,CCCCCCc1ccc(O)cc1O,338
1691,ClCC(Cl)Cl,238
1692,OCc1ccc(CO)cc1,391
1693,CC(C)=CC(C)(C)C,167
1694,CN(C)C(=O)N(C)C,272
1695,CCCSSCCC,187
1696,C=C(C)C#N,237
1697,Cc1cc(C)c(C)cc1C,352
1698,CN(C)CC(=O)O,454
1699,O=CNc1ccccc1,320
1700,IC(I)I,394.5
1701,NC(=O)c1ccc(N)nc1,520
1702,O=C(O)COc1ccccc1C(=O)O,462
1703,Cc1ccc([N+](=O)[O-])c(C)c1,280
1704,NNC(=O)c1cccc(Br)c1,429
1705,CS(=O)c1ccccc1,302
1706,CC(Br)C(Br)C(=O)O,359
1707,O=[N+]([O-])c1cccc(-c2ccccc2)c1,332
1708,CCC1(C)CC1,143
1709,NCCN1CCOCC1,297
1710,Cc1ncc[nH]1,416
1711,c1ccc(Cn2ccnc2)cc1,344
1712,CO[C@@H]1O[C@H](CO)[C@H](O)[C@H](O)[C@H]1O,445
1713,BrC1CCCCC1,216
1714,CN(C)C(=O)Nc1cccc(C(F)(F)F)c1,436.5
1715,COc1ccccc1CC#N,339
1716,Brc1cccc(I)c1,264
1717,Cl[Si](c1ccccc1)(c1ccccc1)c1ccccc1,367
1718,CCCCCCCI,225
1719,N#CC1=C(C#N)C(=O)C(Cl)=C(Cl)C1=O,488
1720,CC(C)C(C)C(C)C,163
1721,CCCCCCCCCc1ccc(O)cc1,318
1722,c1ccccc1,278.5
1723,Clc1ccccc1Cl,255
1724,CCCc1ccccc1,174
1725,CCCCCCCCCCCCCCCO,319
1726,OC(c1ccccc1)c1ccc(Cl)cc1,333
1727,COP(=O)(OC)OC(=CCl)c1cc(Cl)c(Cl)cc1Cl,370.5
1728,O=Cc1c[nH]c2ccccc12,470
1729,OC1C2CCC(C2)C1O,414
1730,CC1(C)C(=O)NC(=O)N1CO,378
1731,S=C(Nc1ccccc1)Nc1ccccc1,427
1732,CCCCCCCO,237
1733,N#Cc1cccc(C=O)c1,350
1734,CN1C(=O)C(=O)c2ccccc21,404
1735,O=C(O)c1cc(Br)cc(Br)c1O,499
1736,CCCN(CCC)S(=O)(=O)c1ccc(C(=O)O)cc1,468
1737,NC(N)=Nc1nc(CSCCC(N)=NS(N)(=O)=O)cs1,436
1738,CC(=O)c1ccc(O)cc1O,417
1739,N#Cc1ccc2ccccc2c1,338
1740,O=C1C(Br)=CC(=NCl)C=C1Br,353
1741,Cc1ccnc2ccccc12,283
1742,c1ccc(N=Nc2ccccc2)cc1,341.5
1743,Cc1ccc(Cl)cc1Cl,260
1744,Cc1ccc(C)o1,211
1745,Oc1ccc(Cl)cc1Cc1ccccc1,321
1746,O=[N+]([O-])c1cccc2cnccc12,381
1747,c1cc2c3c(c1)ccc1cccc(c13)C2,389
1748,O=Cc1ccc(O)cc1,391
1749,CCCCCC1CCCCC1,215
1750,N#CCc1ccccc1,249
1751,CCC(C(=O)NC(=O)NC(C)=O)c1ccccc1,373
1752,CCCCCCN,250
1753,OCCCO,246
1754,CCCCCCCCCCCC[N+](C)(C)[O-],405.5
1755,FC(F)(F)c1ccccc1,246
1756,COc1ccc2ccccc2c1,347
1757,ClC(Cl)=C(Cl)C(Cl)(Cl)Cl,200
1758,Nc1c(Br)cc(Br)cc1Br,394
1759,O=C(O)CCCCCCCCCCCCCCCCCCC(=O)O,400
1760,Cc1c(N)c(=O)n(-c2ccccc2)n1C,380
1761,CC(C)OC(=O)/C=C/C(=O)OC(C)C,275
1762,NS(=O)(=O)c1cc(C(=O)O)c(NCc2ccco2)cc1Cl,479
1763,OCc1c(F)c(F)c(F)c(F)c1F,307
1764,Cc1c(C)c(C)c(CCl)c(C)c1C,356
1765,c1ccc2c(c1)Cc1cc3ccccc3cc1-2,483
1766,CCC(=O)c1ccc(O)cc1O,373
1767,C=C(C)CC,136
1768,Cc1ccccc1C(=O)O,381
1769,OC[C@@H](O)[C@@H](O)[C@@H](O)CO,375
1770,Clc1ccccc1I,274
1771,COc1ccc(N)c([N+](=O)[O-])c1,400
1772,ClC(Cl)c1ccccc1,257
1773,CC(=O)Nc1ccc(F)cc1,425
1774,COC(=O)C(Cl)(Cl)Cl,255
1775,COc1ccc(OC)c(N)c1,353
1776,NCc1ccncc1,265
1777,CC1=NS(=O)(=O)c2cc(Cl)ccc2N1,603.5
1778,CN(C)C(N)=O,453
1779,O=Cc1ccco1,237
1780,COc1ccc(NC(=O)N(C)C)cc1Cl,400
1781,Cc1ccc(C(=O)O)c(O)c1,451
1782,CCCC=O,177
1783,O=S1(=O)CCCO1,305
1784,c1ccc(-c2nc(-c3ccccc3)c(-c3ccccc3)[nH]2)cc1,549
1785,CCCCCCCCC#CCCCCCCCC(=O)O,318
1786,CCCCCl,150
1787,Cc1cc2nc[nH]c2cc1C,477
1788,CCCC(C)=O,195
1789,Cc1cc2ccccc2cn1,336
1790,Cn1nnnc1S,400
1791,CCOC(=O)C(C)C,185
1792,Cc1cc(Cl)ccc1O,320
1793,CCCCC=O,181.5
1794,COCOC,168
1795,CCC1=CCCC1,155
1796,COc1ccccc1-c1ccccc1,303
1797,CCC1CCCC1,135
1798,CC12CCC3C(CCC4CC(OCc5ccccc5)CCC43C)C1CCC2=O,489
1799,CCc1ccccc1Br,205
1800,CCCCCCCC(C)C,198
1801,Oc1ccc(F)cc1,318.5
1802,O=C(O)c1cccc([N+](=O)[O-])c1,414
1803,Nc1cc(Cl)cc(Cl)c1,326
1804,O=C(CCl)c1ccccc1,328
1805,O=C(CBr)c1ccc(Br)cc1,382
1806,OC(CCN1CCCCC1)(c1ccccc1)C1CCCCC1,387
1807,O=C(O)c1c(F)cc(F)cc1F,414
1808,Ic1ccccc1,242
1809,COc1ccc(C=O)cc1,272
1810,CN1C(=O)CCC1=O,339
1811,c1ccc(N=C(Nc2ccccc2)Nc2ccccc2)cc1,417
1812,CC#CCCC,183
1813,OCCOc1ccccc1,285
1814,O=S(=O)(Cl)c1ccc(I)cc1,355
1815,COc1cccc(N)c1,273
1816,CCC(=O)OC(=O)CC,228
1817,O=C1Cc2ccccc2C(=O)O1,415
1818,COc1ccc2cc(OC)ccc2c1,426
1819,OCc1ccc(Cl)c(Cl)c1,311
1820,BrCCBr,283
1821,S=C=Nc1ccc(Cl)cc1,318
1822,O=C1CCOc2ccccc21,311
1823,ClC(Cl)Br,218
1824,Cc1ccc(CO)cc1,334
1825,Cc1cc(C)cc(N)c1,283
1826,CC#CCC,164
1827,NC(=O)c1cccc([N+](=O)[O-])c1,415
1828,CP(=O)(Cl)Cl,308
1829,[O-]/[N+](=N\c1ccccc1)c1ccccc1,308
1830,CNC(=O)Oc1cccc2c1OC(C)(C)C2,424.5
1831,Cc1ccc(C(=O)O)cc1,454
1832,O=Cc1cc(Br)c(O)c(Br)c1,454
1833,C=C(C)c1ccccc1,250
1834,Oc1ccccc1I,311.5
1835,OC1CCCC1,254
1836,CCc1oc2ccccc2c1C(=O)c1ccc(O)cc1,397
1837,CC=C(C)CCC,154
1838,Cn1c(=O)c2c(ncn2C)n(C)c1=O,509
1839,CC(F)(F)Cl,142
1840,Cc1c(F)c(F)c(F)c(F)c1F,243
1841,COc1cccc(Cl)c1Cl,304
1842,Cc1ccc2c(c1[N+](=O)[O-])C(=O)c1ccccc1C2=O,541
1843,CCCCCCCCCCCCCCCCCC,301
1844,OB(O)c1ccccc1,490
1845,O=Cc1ccc(C=O)cc1,389
1846,CCCC(C)(C)C(C)C,156
1847,CC(=O)OO,273.1
1848,CCCCCCCCOC(=O)c1cc(O)c(O)c(O)c1,372
1849,CCOC(=O)c1ccc([N+](=O)[O-])cc1,331
1850,CCCCCCC(C)C,193
1851,NNc1c(F)c(F)cc(F)c1F,362
1852,COc1ccc(C(C)=O)cc1,311
1853,Clc1cc(Cl)c(Cl)nc1Cl,364
1854,CC(C)=NO,335
1855,O=C(O)CO,353
1856,CCC(C)(C)C(=O)O[C@H]1C[C@@H](C)C=C2C=C[C@H](C)[C@H](CC[C@@H]3C[C@@H](O)CC(=O)O3)[C@H]21,409
1857,CCCCCCCCCCC(=O)O,301.5
1858,O=[N+]([O-])c1ccc(F)cc1F,282
1859,CC(Cl)(Cl)Cl,240
1860,N#Cc1c[nH]c2ccccc12,453
1861,COc1cc(C(=O)O)cc(O)c1OC,469
1862,CCNC(=O)C(=O)NCC,453
1863,Cc1cc(C)c(NC(=O)CN(CC(=O)O)CC(=O)O)c(C)c1Br,467
1864,CCCCCCCCCCCCCCC(=O)O,325
1865,CCOC(=O)CC,200
1866,O=C1NC(=O)c2c1cccc2[N+](=O)[O-],492
1867,Oc1ccc2ccccc2c1N=Nc1ccccn1,412.5
1868,C=C(C)OC(C)=O,180
1869,c1ccc2cc3c(cc2c1)-c1cccc2cccc-3c12,489
1870,Cc1cc(Br)c(C)cc1Br,346
1871,CCCCCS,197
1872,O=C(CCl)CCl,317
1873,CC(=O)OC[C@H]1O[C@H](Br)[C@H](OC(C)=O)[C@@H](OC(C)=O)[C@@H]1OC(C)=O,362.5
1874,O=C(O)Cc1cccc(O)c1,403
1875,COC(=O)c1cccnc1,315
1876,C=C(C)CCCCCC,195
1877,CN1CCC(=C2c3ccccc3C=Cc3ccccc32)CC1,385.8
1878,Cc1ccc(C(=O)CBr)cc1,325
1879,O=C(O)Cc1ccc(F)cc1,356
1880,CC12CCC(=O)C=C1CCC1C2CCC2(C)C(O)CCC12,426
1881,COC(=O)c1cccc(C(=O)OC)c1,342
1882,BrCC(Br)Br,244
1883,CCOC(=O)c1ccc(OC)cc1,281
1884,O=C(O)c1ccccc1N=Nc1ccc(O)cc1,478
1885,C=CCCl,139
1886,CCCCCC#N,193
1887,CCCCCCCCCCCC(=O)CCCCCCCCCCC,340
1888,CN,180
1889,CC(C)(C)C,256
1890,O=C(O)CCCCC(=O)O,425
1891,Nc1ccccc1[N+](=O)[O-],345
1892,CC(=O)c1ccccc1,292
1893,CCCCCCCCCCCCCC,278.5
1894,CC12CCC(CC1)C(C)(C)O2,274
1895,Oc1ccc(O)c(-c2ccccc2)c1,374
1896,Nc1cccc(Cl)c1,263
1897,COc1cc([N+](=O)[O-])ccc1N,413
1898,Brc1cc(Br)cc(Br)c1,395
1899,Cc1n[nH]cc1Br,348
1900,C1CCC1,182
1901,CCOC(N)=O,321
1902,CCc1cccc(C)c1,177
1903,Cc1ncc([N+](=O)[O-])n1C,413
1904,CCSCC,169
1905,CC(=O)CCC=C(C)C,206
1906,O=C(O)c1cccc(O)c1,476
1907,O=C(O)c1cc([N+](=O)[O-])ccc1O,505
1908,CCCCCCCCP(=O)(CCCCCCCC)CCCCCCCC,325
1909,O=C(O)c1c(F)c(F)c(F)c(F)c1F,375
1910,COc1cc(C(=O)NCCCCCC(=O)O)cc(OC)c1OC,394
1911,CCC1(C)CCCC1,129
1912,CCC(C)=O,186
1913,COc1ccc(C(=O)OC(=O)c2ccc(OC)cc2)cc1,370
1914,c1ccc(CNc2ncnc3nc[nH]c23)cc1,504
1915,CC(C)CCO,156
1916,O=S(=O)(c1ccc(Cl)cc1)c1ccc(Cl)cc1,422
1917,CC(C)S,142
1918,SCCS,232
1919,CC(C)C(O)C(C)(C)CO,325
1920,O=C1CC(c2ccc(O)cc2)Oc2cc(O)cc(O)c21,523
1921,NCCC(=O)O,469
1922,ClCCCBr,214
1923,CCCCCCCCCO,266
1924,N#Cc1ccccn1,300
1925,CCCCCCCCCC(C)=O,285
1926,NC1CCCC1,188
1927,O=C(O)Cc1cccc2ccccc12,403
1928,CCCCCCC(O)C(=O)O,342
1929,CCC1(CC)C(=O)CCNC1=O,375
1930,CC(=O)N1CCOCC1,283
1931,O=Cc1ccc(O)c([N+](=O)[O-])c1,415
1932,O=C(O)CCCCCCC(=O)O,416
1933,Oc1ncc(F)c(O)n1,556
1934,CC=CCCCC,164
1935,CC(=O)Nc1ccc(C(=O)O)cc1,529
1936,CCOc1ccc(N)cc1,276
1937,CC(=O)c1cc(C)ccc1O,320
1938,Cc1cccc(C(=O)O)c1[N+](=O)[O-],494
1939,ClCCOCCOCCCl,241
1940,CCC(C)N,169
1941,CC(Br)CBr,218
1942,NC(=O)NCc1ccccc1,422
1943,Cc1cccc(C)n1,267
1944,ClCc1ccccc1CCl,329
1945,COc1cc(C)ccc1O,279
1946,OC(c1ccccc1)(c1ccccc1)c1ccccc1,436
1947,Cc1ccc(C(C)C)cc1O,275
1948,O=C(O)c1c(F)cccc1Cl,431
1949,FC(Cl)(Cl)Cl,162.5
1950,O=C(c1ccccc1)c1ccccc1O,312
1951,CC(C)(OOC(C)(C)c1ccccc1)c1ccccc1,313
1952,O=C1CCCCCCCCCCC1,333
1953,CCCCCCCCCl,215
1954,Cc1c(N)cccc1Cl,275
1955,O=C(CCl)c1ccc(Cl)cc1,374
1956,C#CC(C)(C)O,275.6
1957,C1OCOCO1,334
1958,CCCC(=O)Nc1ccc(OCC(O)CNC(C)C)c(C(C)=O)c1,392
1959,CC(=O)C1C(=O)C=C(C)OC1=O,384
1960,Clc1ccc(I)cc1,327
1961,ClC(Cl)C(Cl)(Cl)Cl,244
1962,CC=C(C)C,139
1963,O=c1c2ccccc2sc2ccccc12,484
1964,Nc1ccc([N+](=O)[O-])cc1,421
1965,c1ccc(C(c2ccccc2)c2ccccc2)cc1,367
1966,CCCCCCn1c(=O)c2c(ncn2C)n(C)c1=O,354
1967,Cc1ccc(Cl)c(Cl)c1,258
1968,CCCCCCCCCCCCCCCCCCCC(=O)O,348
1969,COc1ccc2cc(C(C)C(=O)O)ccc2c1,428
1970,C=CCCCCCCCCCC,238
1971,CCCCC(=O)CC,234
1972,Oc1ccc2ccccc2c1/N=N/c1ccccc1,405
1973,CC(=O)N(O)CCCCCNC(=O)CCC(=O)N(O)CCCCCNC(=O)CCC(=O)N(O)CCCCCN,412
1974,O=C(O)CC[N+](=O)[O-],337
1975,CCOC(=O)C(O)(c1ccccc1)c1ccccc1,303
1976,Ic1ccc(I)s1,314
1977,CCCCCCCCC=CCCCCCCCCCCCC(N)=O,352
1978,CC(=O)c1ccc(O)cc1,381
1979,CCCCCCCCCCCCCCCC(=O)OC,304
1980,CCCC(N)=O,389
1981,O=C(O)c1ccccc1C(=O)c1ccccc1,402
1982,CC(C)(CO)CO,398
1983,N#Cc1ccc(C(c2ccc(C#N)cc2)n2cncn2)cc1,454
1984,Nc1ccc2c(c1)Cc1ccccc1-2,401
1985,CC(=O)Oc1ccccc1[N+](=O)[O-],313
1986,NC(=O)C(Cl)Cl,372
1987,CC(=O)c1cccc(C#N)c1,372
1988,O=C(O)C(Cl)Br,300
1989,O=C(O)CC(S)C(=O)O,425
1990,O=C(c1ccccc1)c1ccc([N+](=O)[O-])cc1,410
1991,CC(=O)CCCC(=O)O,285
1992,CCOc1ccc(NC(C)=O)cc1,408
1993,CCOC(=O)C=C1SC(N2CCCCC2)C(=O)N1CC,359
1994,CC(O)C(C)(C)C,278
1995,CNS(=O)(=O)Cc1ccc2[nH]cc(CCN(C)C)c2c1,442
1996,ClCc1ccc(Cl)cc1Cl,270
1997,CCCCSC,175
1998,NC(=O)c1ccc(N)cc1,455
1999,O=C(O)c1ccc(-c2ccccc2)cc1,498
2000,Clc1cc(Cl)cc(Cl)c1,337
2001,O=S(=O)(Cl)c1ccccc1,288
2002,CCC=CC(C)C,131
2003,Cc1ccc(C)s1,210
2004,CC(C)[N+](=O)[O-],180
2005,COc1ccccc1N,278
2006,CC=CCCC,132
2007,c1ccc2ocnc2c1,303
2008,c1ccc(-c2c3ccccc3c(-c3ccccc3)c3ccccc23)cc1,522
2009,O=Cc1ccc([N+](=O)[O-])o1,309
2010,OCc1c[nH]c2ccccc12,371
2011,CC1(C(=O)O)CCCCC1,311
2012,O=C(/C=C/C=C/c1ccc2c(c1)OCO2)N1CCCCC1,404
2013,CCCCC1=NC2(CCCC2)C(=O)N1Cc1ccc(-c2ccccc2-c2nnn[nH]2)cc1,453
2014,Nc1ncnc(Nc2ccc(Cl)cc2)n1,506
2015,N[C@@H](Cc1cccc(O)c1)C(=O)O,538
2016,CC(=O)N[C@@H](Cc1ccc(O)cc1)C(=O)O,422
2017,CC(=O)OC(OC(C)=O)c1ccc([N+](=O)[O-])o1,363
2018,COc1ccc2c(c1)c(CC(=O)O)c(C)n2C(=O)c1ccc(Cl)cc1,432
2019,CCOCCOCCO,197
2020,BrCC(Br)c1ccccc1,345
2021,O=C(CO)c1ccccc1,279
2022,c1ccc(C(c2ccccc2)(c2ccccc2)c2ccccc2)cc1,556
2023,COc1ccccc1C=O,311
2024,Cc1ccnc(N)c1,372
2025,O=C(O)c1ccc(C(F)(F)F)cc1,494
2026,O=[N+]([O-])c1cc(F)ccc1F,261
2027,C[C@]12CCC(=O)C=C1CC[C@@H]1[C@@H]2CC[C@@]2(C)[C@H]1CC[C@]2(C)O,436
2028,CC[Si](CC)(CC)CC,191
2029,O=[N+]([O-])c1ccc(Cl)cc1,356.5
2030,C,91
2031,Brc1ccccc1I,283
2032,CCCCN,224
2033,O=C(O)CCCC(=O)O,369.5
2034,O=S(=O)(Cl)c1ccc2ccccc2c1,349
2035,Cc1cnc2ccccc2c1,288
2036,Nc1ccccc1C=O,311
2037,Oc1ccc(I)cc1,365
2038,O=C(O)c1ccccc1C(F)(F)F,382
2039,CC1(C)NC(=O)NC1=O,449
2040,O=[N+]([O-])c1ccc(I)cc1,449
2041,CCCCCI,187
2042,c1ccc(C2CCCCC2)cc1,278
2043,CCCCCCCCCCCC,263.4
2044,ClCc1ccccc1,230
2045,CCOC(=O)CCCCC(=O)OCC,255
2046,Oc1cccc(Br)c1,304
2047,Cc1ccc2cccc([N+](=O)[O-])c2n1,411
2048,O=C(O)COc1ccccc1,373
2049,Oc1ccccc1-c1ccccc1,330
2050,N#Cc1ccc(Br)cc1,384
2051,COC(=O)c1cc(OC)cc(OC)c1,316
2052,Cc1nc(-c2ccc(-c3nc(C)c(-c4ccccc4)o3)cc2)oc1-c1ccccc1,505
2053,SCc1ccc(Cl)cc1,292
2054,CCCOC(=O)c1ccc(O)cc1,369
2055,CCC#CC(C)C,156
2056,CCC(=O)OC,185
2057,O=Cc1cc2c(cc1[N+](=O)[O-])OCO2,368
2058,C=CCC1(C(C)CCC)C(=O)NC(=O)NC1=O,368
2059,O=C(O)C1CCCCC1,304
2060,O=C(O)CBr,320
2061,O=C1C(=O)c2cccc3cccc1c23,531
2062,C=C[C@H]1C[N@@]2CC[C@H]1C[C@H]2[C@H](O)c1ccnc2ccc(OC)cc12,450
2063,O=[N+]([O-])C([N+](=O)[O-])([N+](=O)[O-])[N+](=O)[O-],287
2064,Cc1cccc(C(=O)O)c1C,418
2065,OC[C@H]1O[C@@](CO)(O[C@H]2O[C@H](CO)[C@@H](O)[C@H](O)[C@H]2O)[C@@H](O)[C@@H]1O,461
2066,COc1ccc2[nH]c(S(=O)Cc3ncc(C)c(OC)c3C)nc2c1,429
2067,OCc1ccccc1Cl,343
2068,NC(=O)c1ccc(Cl)cc1,446
2069,CCC(CC)C(C)(C)C,174
2070,CC(=O)c1ccncc1,288
2071,N#Cc1cc(Cl)ccc1N,369
2072,O=C(Cl)c1ccco1,272
2073,O=C(O)c1cc(Cl)c(O)c(Cl)c1,541
2074,C=C(C(=O)O)C(F)(F)F,323
2075,CC(C)(Oc1ccc(Cl)cc1)C(=O)O,393
2076,CCCCOCCCC,175.1
2077,c1ccc2c(c1)c1ccccc1c1ccccc21,470
2078,Cc1ccncc1,276
2079,Brc1cncc2ccccc12,314
2080,Sc1ccccn1,402
2081,CCCCCC(=O)OCCC,204
2082,CC=CC=CC(=O)O,407
2083,CCCCC(=O)c1ccccc1,264
2084,COC(=O)c1ccccc1N,297
2085,CC/C=C/CC,160
2086,CCc1nc(C)c[nH]1,320
2087,SC(c1ccccc1)(c1ccccc1)c1ccccc1,379
2088,NC(=O)c1ccc(C(F)(F)F)cc1,457
2089,CCC1=CCCCC1,163
2090,CCCCCCCCCCCCCCCCCCBr,301
2091,CCCCCC(C)CC,165
2092,Clc1ccccc1Br,260
2093,COc1ccccc1OC(=O)c1ccccc1,332
2094,CC(C)Nc1ccc(Nc2ccccc2)cc1,350
2095,C1CO1,162
2096,COc1cc(C(C)=O)ccc1O,387.5
2097,Cl[SiH](Cl)Cl,146
2098,CC(=O)OCc1ccccc1,222
2099,CCCCCCCCCCCCCCCCCCO,334
2100,COCc1ccccc1,220
2101,O=C(Cl)CCC(=O)Cl,290
2102,CC1CCCC1(C)C,251
2103,CC(=O)Oc1ccc(C(C)=O)cc1,326
2104,BrCc1ccccc1CBr,367
2105,Cc1ccc(O)c([N+](=O)[O-])c1,307
2106,CC1=c2ccccc2=NC1c1ccccc1,364
2107,CCc1ccccn1,210
2108,CC(C)CC(NC(=O)C(O)C(N)Cc1ccccc1)C(=O)O,506
2109,OC1(c2ccccc2)CCCCC1,333
2110,COc1ccc(N=C=S)cc1,292
2111,CCCCCc1ccc(O)cc1,297
2112,CCOC(=O)c1cccc([N+](=O)[O-])c1,315
2113,CCCCCc1cc(O)c2c(c1)OC(C)(C)c1ccc(C)cc1-2,349.5
2114,C=C[C@H]1C[N@@]2CC[C@H]1C[C@@H]2[C@@H](O)c1ccnc2ccc(OC)cc12,443
2115,CC(=O)c1ccc([N+](=O)[O-])cc1,353
2116,CC(C)(C)C1=CC(=O)C=C(C(C)(C)C)C1=O,340
2117,NS(=O)(=O)c1ccccc1,424
2118,CSC(C)C,171
2119,NC(=O)C(F)(F)F,346
2120,Cc1nc2ccccc2c(=O)n1-c1ccccc1Cl,399
2121,CCOC(=O)c1ccc(N)cc1,362
2122,C=CCC1(C2C=CCCC2)C(=O)NC(=S)NC1=O,421
2123,O=C(O)c1cccc(Br)c1,430
2124,O=[N+]([O-])c1ccc(N=C=S)cc1,381
2125,Cc1cc(O)c(C(C)C)cc1Cl,332
2126,OCCF,246
2127,COc1ccccc1O,301
2128,O=C1C=CC(=O)O1,326
2129,CS(C)=O,291.4
2130,CCCCCCI,198
2131,Clc1ccccc1C(c1ccccc1)(c1ccccc1)n1ccnc1,420
2132,O=C1CCC(=O)N1O,369.5
2133,CC(C)(C)c1ccc(C(O)CCCN2CCC(C(O)(c3ccccc3)c3ccccc3)CC2)cc1,420.5
2134,Cc1ccc2n[nH]nc2c1,354.5
2135,CCCCCCCCCCCCCCCCCC(C)=O,328
2136,CCCCBr,161
2137,c1ccc2c(c1)CCc1ccccc1-2,307
2138,Nc1c(Cl)ccc(Cl)c1C(=O)O,425
2139,Clc1ccc(Br)cc1,340
2140,CCCC(C)(C)C,149
2141,CN(C)C(=O)Nc1ccc(Cl)c(Cl)c1,432
2142,CCCCCCCCCC(C)O,275
2143,CN(C)c1cccc([N+](=O)[O-])c1,332
2144,C=C[Si]1(C)O[Si](C)(C=C)O[Si](C)(C=C)O[Si](C)(C=C)O1,230
2145,C#CC(C)(O)c1ccccc1,321
2146,C1CC[C@H]2CCCC[C@@H]2C1,241
2147,CC(=O)OCC(C)C,174
2148,C[N+](=O)[O-],244
2149,O=Cc1ccc([N+](=O)[O-])cc1,381
2150,CCC(N)=O,351
2151,CCOC(=O)c1ccc(N(C)C)cc1,336.5
2152,O=c1[nH]c2ccccc2o1,413
2153,COC(=O)c1ccc(Cl)c([N+](=O)[O-])c1,353
2154,c1ccc(-c2cccc(-c3ccccn3)n2)nc1,364
2155,O=C(O)/C=C/c1ccccc1,406
2156,COC1=CC(=O)C[C@@H](C)[C@]12Oc1c(Cl)c(OC)cc(OC)c1C2=O,492
2157,O=C1c2ccccc2C(=O)c2c(Cl)cccc21,432
2158,O=[N+]([O-])c1ccc(CCl)cc1,344
2159,N#CCc1ccc(N)cc1,318
2160,CC#CC#CC,340
2161,Cc1ccc(Cc2ccc(C)cc2)cc1,302
2162,Fc1ccc(N2CCNCC2)cc1,305
2163,Nc1ccc(N)c2c1C(=O)c1ccccc1C2=O,536
2164,Cc1cc(O)ccc1Br,332
2165,N#Cc1ccc(N)cc1,357
2166,CC1(C(=O)O)CCC(C(=O)O)C1(C)C,460
2167,C=CCCCCC(=O)O,267
2168,CCCCCCS,192
2169,Oc1cc(O)c(Cl)cc1Cl,388
2170,O=C(c1ccccc1)C(Cl)Cl,294
2171,Cc1cccc(C)c1N,281
2172,Cc1ccc2cccnc2c1,309.5
2173,c1ccc(CSSCc2ccccc2)cc1,343
2174,CC(C)(C)OOC(=O)c1ccccc1,281
2175,O=C(O)c1ccccc1O,432
2176,CCCCCCCCCCCCCCCCCC(=O)O,341
2177,Nc1ccc2cc3ccccc3cc2c1,508
2178,Cc1ccc(C#N)cc1,302
2179,N#CCc1cccc2ccccc12,307
2180,O=C(O)C1CSCN1,468
2181,O=C(O)CCI,355
2182,CC(CO)(CO)C(=O)O,462
2183,NNC(=O)c1ccccc1Cl,391
2184,Fc1ccc(-c2ccccc2)cc1,347
2185,CC[SiH2]CC,141
2186,CCCCOc1ccccc1,254
2187,Oc1cc(Cl)c(Cl)cc1Cl,342
2188,CCP(=O)(O)O,334.5
2189,O=Cc1ccccc1C=O,329
2190,Nc1nc2cc(Cl)ccc2o1,457
2191,NC(=O)N1c2ccccc2C=Cc2ccccc21,463
2192,CC(C)(N)CO,303
2193,O=C(O)CSCc1ccccc1,335
2194,Cc1cc(N)ccc1Br,352
2195,Cc1ccc(C(C)C)cc1,205
2196,Nc1c(F)c(F)cc(F)c1F,304
2197,Cc1ccc(C)c(O)c1,349
2198,CCCCCCCCCCCCCCCCCCCCCCCCCCCCCC,339
2199,CC(O)CNCC(C)O,315
2200,CC(=O)Nc1ccc(C)cc1,422
2201,CC(C)CCC(=O)O,238
2202,CCCCC(C)=O,216
2203,Oc1ccc(Nc2ccccc2)cc1,342
2204,CNC1=Nc2ccc(Cl)cc2C(c2ccccc2)=[N+]([O-])C1,509
2205,CC(C)=CCN1CC[C@@]2(C)c3cc(O)ccc3C[C@@H]1[C@@H]2C,419.3
2206,Cc1nnc(S)s1,457
2207,COc1ccc(C=O)c2ccccc12,307
2208,C=CCc1ccc(O)c(OC)c1,264
2209,Cc1ccccc1CCl,271
2210,CC=CCC,122
2211,C1CC[C@H]2CCCC[C@H]2C1,230
2212,COc1ccc(Cl)cc1Cl,299
2213,COC(=O)c1ccc(N)cc1,387
2214,CCN(CC)C(=O)Nc1ccc(OCC(O)CNC(C)(C)C)c(C(C)=O)c1,383
2215,CCCCCCCCC,220
2216,CC(=O)Nc1cccc(C(F)(F)F)c1,378
2217,O=C(O)c1cccs1,401
2218,CNC(C)=O,300
2219,Nc1cccc(C(=O)O)c1,446
2220,CC(=O)OCCCCOC(C)=O,286
2221,O=C1c2c(O)cccc2Cc2cccc(O)c21,454
2222,CC12CCC3C(CCC4(C)CC5(CCC34C)OCCO5)C1CCC2=O,431
2223,Oc1ccccc1Br,278
2224,Cc1ccc(CN)cc1,285
2225,O=C1CN(/N=C/c2ccc([N+](=O)[O-])o2)C(=O)N1,541
2226,Nc1ccc(F)cc1,271
2227,Cc1ccc(C)cc1,285
2228,Cc1cccc(C)c1I,284
2229,OCc1ccccc1Br,354
2230,CC(C)CCC(C)(C)C,167
2231,NC(N)=NC(=O)c1nc(Cl)c(N)nc1N,513
2232,COc1ccc([N+](=O)[O-])cc1N,391
2233,COc1ccccc1C(=O)c1ccccc1,310
2234,O=C1CNC(=O)N1,495
2235,NCCNCCN,238
2236,CCCCS,157
2237,O=C(O)CCCCCBr,307
2238,c1ccc(Oc2ccccc2)cc1,300
2239,O=C(O)c1c(Cl)cccc1Cl,417
2240,CC(N)=S,388
2241,CC(C)c1ccc2ccccc2c1,287
2242,CC1(C)C(=O)N(Cl)C(=O)N1Cl,408
2243,O=S(=O)(Cl)c1ccc(Cl)cc1,325
2244,O=C1c2ccccc2-c2ccccc21,356
2245,CN(C)C=O,212
2246,CCCCc1ccccc1,185
2247,CNC(=O)CSP(=S)(OC)OC,324.5
2248,CCCCCCCCCCCCCCCCCCCCCCCC,324
2249,CCN(CC)c1ccccc1,235
2250,Clc1ccccn1,227
2251,Cc1ccc(CCl)cc1,277
2252,O=Cc1ccc(Br)o1,357
2253,c1ccc2cc3c(ccc4ccccc43)cc2c1,431
2254,CCCC(C)(COC(N)=O)COC(N)=O,378
2255,NC(=O)OCC(COC(N)=O)c1ccccc1,424
2256,BrCBr,221
2257,CCCCCCCCCC=O,268
2258,c1ccc(-c2ccc(-c3ccc(-c4ccccc4)cc3)cc2)cc1,590
2259,CCCC(N)C(=O)O,576
2260,O=C(c1ccc(Cl)cc1)c1ccc(Cl)cc1,418
2261,CCCCCCCCCS,253
2262,Oc1cccc2cccnc12,349
2263,O=[N+]([O-])c1cc(I)c(O)c(I)c1,430
2264,Clc1ccc(C(c2ccccc2Cl)C(Cl)(Cl)Cl)cc1,348
2265,N#CCc1ccccc1C(F)(F)F,303
2266,CCC(=O)c1ccc(Cl)cc1,308
2267,Oc1cccnc1,400
2268,CCOC(=O)c1ccc(C(=O)OCC)cc1,318
2269,CCCCCCCCCC(=O)O,304
2270,O=C(c1ccc(Cl)cc1)c1ccccc1Cl,338
2271,c1c[nH]cn1,363
2272,COc1ccc2c(c1OC)C(=O)OC2,374
2273,CC[C@H](C)C(=O)O[C@H]1C[C@@H](C)C=C2C=C[C@H](C)[C@H](CC[C@@H]3C[C@@H](O)CC(=O)O3)[C@H]21,448
2274,Clc1cccc(Cl)c1Br,339
2275,CC(=O)c1ccc(S(=O)(=O)NC(=O)NC2CCCCC2)cc1,461
2276,Clc1ccccc1,228
2277,Fc1ccc(N=C=S)cc1,299
2278,O=[N+]([O-])c1ccc2c3c(cccc13)CC2,376.5
2279,O=C(O)c1ccccn1,410
2280,Nc1ccccc1-c1ccccc1,324.5
2281,ClCC1CO1,216
2282,CC(C)(C)NCC(O)COc1ccccc1C1CCCC1,341
2283,Oc1ccc2[nH]ccc2c1,382
2284,CCOC(=O)c1cccnc1,282
2285,CC(=O)Nc1ccc(N)cc1,436
2286,O=Cc1cccc(I)c1,329
2287,Nc1ccccc1I,331
2288,BrCc1ccc(CBr)cc1,415
2289,O=S(=O)([O-])CCN1CC[NH+](CCO)CC1,509
2290,Nc1ccncc1N,492
2291,CCCC(C)(C)CC,147
2292,COc1ccc(O)cc1,329
2293,COC(=O)NN,345
2294,Clc1cc(Cl)c(Cl)cc1Cl,412
2295,CCC1(c2ccccc2)C(=O)NC(=O)NC1=O,449
2296,c1ccncc1,231
2297,ClCc1ccccc1Cl,260
2298,O=C(O)c1ccc([N+](=O)[O-])cc1Cl,412
2299,c1ccc2c(c1)sc1ccccc12,372
2300,N#Cc1ccc(Cl)cc1,365
2301,COC(=O)c1ccc(C#N)cc1,340
2302,CCCCCCCCCCCCCl,264
2303,Cc1ccccc1CBr,292
2304,CN(C=O)c1ccccc1,284
2305,CC(=O)c1ccc(C)s1,299
2306,Nc1cccc(O)c1,398
2307,Brc1ccc(Oc2ccccc2)cc1,291
2308,O=C(O)CCCCCc1ccccc1,291
2309,Oc1ccc(O)cc1,448
2310,O=[N+]([O-])c1ccccc1[N+](=O)[O-],391
2311,COC(=O)c1ccccc1OC(C)=O,325
2312,CC(=O)c1ccc(OCC(=O)O)cc1,446
2313,O=c1cn[nH]c(=O)[nH]1,549
2314,CC(C)(Cl)Cl,239
2315,O=C(O)c1ccc(Cl)c([N+](=O)[O-])c1,455
2316,c1cc2c3c(c1)CCCN3CCC2,308
2317,O=C(O)c1ccccc1-c1ccccc1C(=O)O,502
2318,O=C(O)COc1ccc(Cl)cc1Cl,411
2319,CCCCCCCCCCCl,242
2320,CCC1CC1,124
2321,Cc1cncc(C)c1,264
2322,Oc1cccc(Cl)c1Cl,329
2323,COc1cc(-c2ccc(N)c(OC)c2)ccc1N,409
2324,C=Cc1ccc(C(=O)O)cc1,415
2325,CCCCC(CC)COC(=O)CCCCC(=O)OCC(CC)CCCC,206
2326,CCC1(C2=CCCCCC2)C(=O)NC(=O)NC1=O,447
2327,c1ccc(-c2cc3ccccc3[nH]2)cc1,463
2328,BrCCCCCCCCCCCCBr,313
2329,C1CNCCNCCCNCCNC1,459
2330,OCC(CO)(CO)COCC(CO)(CO)CO,490
2331,OC1CCCCCCCCCCC1,349
2332,O=[N+]([O-])c1ccccc1SSc1ccccc1[N+](=O)[O-],467
2333,S=C=S,161
2334,CCOC(=O)CC(C)=O,230
2335,O=C(OC(Cl)(Cl)Cl)OC(Cl)(Cl)Cl,357
2336,CC(Oc1c(Cl)cccc1Cl)C1=NCCN1,399
2337,NC(=S)Nc1ccccc1,422
2338,c1ccc2c(c1)Oc1ccccc1O2,395.5
2339,Cc1cc(N)ccc1Cl,357
2340,Cc1cc[n+]([O-])cc1,457
2341,CCOc1cc(C=O)ccc1O,350
2342,Cc1ccc(C)c(OCCCC(C)(C)C(=O)O)c1,334
2343,COS(=O)(=O)OC,241
2344,Cc1ccc(OC(=O)c2ccccc2)cc1,343
2345,CS,152
2346,O=C1CN=C(c2ccccc2)c2cc(Cl)ccc2N1CC(F)(F)F,437
2347,BrC(c1ccccc1)(c1ccccc1)c1ccccc1,426
2348,O=C(O)Cc1ccc(O)c(O)c1,402
2349,C=CCC(C(=O)O)C(=O)O,377
2350,On1nnc2ccccc21,432
2351,O=C(O)c1c(Cl)cc(Cl)cc1Cl,436
2352,OCC1CCCNC1,333
2353,Cc1cccc(C)c1O,322
2354,COC(=O)c1ccc(C=O)cc1,334
2355,CCCCSCCCC,193
2356,CN(C)c1cccc(O)c1,356
2357,O=C(O)c1ccc2ccccc2c1,457
2358,O=Cc1cccc([N+](=O)[O-])c1,332
2359,Cc1c(C(=O)O)cnn1-c1ccccc1,440
2360,O=C(O)c1ccccc1Nc1ccccc1,460
2361,CCCc1ccc(C)cc1,209
2362,CC1(C)CCCC1,203
2363,O=[N+]([O-])c1ccc2nc[nH]c2c1,481
2364,CCOC(=O)c1ccc([N+](=O)[O-])o1,373
2365,CC(=O)Oc1ccc(C(=O)O)cc1,467
2366,CS(=O)(=O)c1ccc(-c2cn3ccccc3n2)cc1,515
2367,CCCCCCCCCCCCCCCCC(=O)O,333
2368,ClCC(Cl)CCl,259
2369,Cc1c(N)cccc1[N+](=O)[O-],363
2370,CC(C)Cl,155
2371,CCc1ccc(C)c(C)c1,206
2372,CCCCCCCCCCCCCCCCCCCCCCCCCCCCC,339
2373,CCCOC=O,180
2374,O=C1CCCCCN1,342
2375,CC(=O)Cl,161
2376,CS(=O)(=O)c1ccc(C(=O)O)cc1,546
2377,O=C(O)CCCCCCCCCCC(=O)O,402
2378,Clc1ccc(C(c2ccc(Cl)cc2)C(Cl)(Cl)Cl)cc1,383
2379,CCCC,135
2380,O=C1c2ccccc2C(=O)N1CCBr,355
2381,ClCCOc1ccccc1,297
2382,CCCCOC,158
2383,C[Si]1(C)O[Si](C)(C)O[Si](C)(C)O1,333
2384,O=C(O)CC(O)(CC(=O)O)C(=O)O,426
2385,NC(=O)c1ccc(Br)cc1,464
2386,Cc1cccc(Nc2ccncc2S(=O)(=O)NC(=O)NC(C)C)c1,436
2387,OCc1ccc(Cl)cc1Cl,332
2388,O=C(O)Cc1ccc(O)cc1,422
2389,CCOc1ccc(CC(=O)O)cc1,362
2390,Cc1ccc2c(c1N)C(=O)c1ccccc1C2=O,478
2391,O=C(Cl)c1ccccc1C(=O)Cl,285
2392,CCCCCCCCCCCCBr,263
2393,C[C@]12CC[C@@H]3c4ccc(O)cc4CC[C@H]3[C@@H]1C[C@@H](O)[C@@H]2O,555
2394,Clc1cccc(Cl)c1Cl,326
2395,CCCCCCC(C)O,241
2396,O=C1C=CC(=O)N1,365
2397,O=C(/C=C/c1ccc2ccccc2c1)/C=C/c1ccc2ccccc2c1,515
2398,N#CCCCl,223
2399,c1ccc2c(c1)Nc1ccccc1S2,460
2400,CC(C)C(C)(C)C(C)(C)C,237
2401,C=Cc1ccc2ccccc2c1,338
2402,CCOC(=O)C(=Cc1ccccc1)C(=O)OCC,303
2403,CCOC(=O)/C=C/C(=O)OCC,274
2404,NS(=O)(=O)c1ccc(Cl)cc1,418
2405,Cc1ccc(O)c(C(=O)O)c1,426
2406,O=C(O)C(c1ccccc1)c1ccccc1,420
2407,N#Cc1cccc(Br)c1,312
2408,CC=C(C)CC,135
2409,C=CCCCCCCCCCCCCCCC,284
2410,Nc1c(Cl)cc([N+](=O)[O-])cc1[N+](=O)[O-],430
2411,[O-][n+]1ccccc1S,343.5
2412,Cc1cc(C)cc(C)c1,228
2413,O=C(O)c1ccc2c(c1)C(=O)OC2=O,440
2414,Nc1cc(Cl)ccc1O,416
2415,Cc1c[nH]cn1,324
2416,C=CCC(C)(C)C,136
2417,COC1=CC(=O)CC(C)C12Oc1c(Cl)c(OC)cc(OC)c1C2=O,492
2418,OCC(O)c1ccccc1,340
2419,Clc1ccc2cc[nH]c2c1,362
2420,O=C(c1ccc(Br)cc1)c1ccc(Br)cc1,447
2421,Cc1ccccc1CO,312
2422,Cc1ccccc1-c1ccccc1,273
2423,CCOB(OCC)OCC,188
2424,CCCCCCCCCCCCCCCCBr,290
2425,O=C(O)c1cc(I)cc(I)c1O,504
2426,O=C(O)C(F)(F)C(F)(F)C(=O)O,388
2427,O=C(O)c1ccc(O)cc1O,498
2428,O=C(O)c1ccccc1-c1ccc(C(F)(F)F)cc1,442
2429,CCc1ccccc1Cl,190
2430,CCOC(=O)c1ccccn1,275
